Id,Category
pOF3KfLc97w,1
vusj8ki0w_I,1
qjKPHjVW5zY,1
cUAr7cWHSRY,1
8lNeEnCJI9w,1
LbuHmxNWMko,1
KO5-6OhtbCU,1
WvzFghyMDnY,1
d-xpMBCqdQk,1
B5pOA9BChQA,1
jQyksvgdEAI,1
ezpGhF39QSU,1
MqVMak3Yg3A,1
ToDVECh3Q1o,1
e1-tJPX2NAo,1
s10irePwPoU,1
Gs7XPJ-Q3iA,1
T5-g1OetDqE,1
Lmpfn5goqwM,1
0Ro9gkDEyOw,1
rA98lrrOlTA,1
T2qEHM9gEVc,1
c_lzAVmoe1k,1
1qgCwsL4bJI,1
-SMljwKkK2o,1
hD3kBrXWYI0,1
3gERdvy08C0,1
BG2gX0if4ZI,1
v6fOoMa_TTs,1
3rLUC1SCmRA,1
qVXggaCHaWs,1
wnzpjuSJ5oo,1
djMZ9IvvRlk,1
oHsB2PWu4sk,1
LTOi-xFTpFQ,1
GC4IJimKSG0,1
ZQE4kkJdCjc,1
bYeQkkT9UJM,1
jaLVAeoV-Pk,1
pfGVOnZxAZI,1
7SnR4wD7cJA,1
VjLGsepdPdE,1
ZaLhaq61ows,1
kMy_gX06EOA,1
K2M9ipHXzFM,1
_nuJDs07A6A,1
4EcrWMuI9VY,1
ces4svMRNtk,1
LAVOEsBfxso,1
zT2ionNN2LU,1
hvFuWMQmyVk,1
BWyL1HYkh5U,1
UpNtm73FEgw,1
yum2OwwJL78,1
TF3xyM5NeT8,1
DT7hQM4XAPQ,1
UPINTns7hpc,1
5HddBm-SnPM,1
7JkHfRSFprk,1
VTuEkE7YwiM,1
vBwo8aUY23I,1
Su8m4FkRXa8,1
u1e9TF-GOwc,1
M3uSgUTt_Ck,1
fjHaXj6WnJI,1
5TV73ozA3IU,1
lMlmAXhUCn4,1
7fKYZukNjTA,1
6JldyT20gCU,1
pU63e2KyuQA,1
Q1nRMhejZME,1
zRt1XDOycmA,1
aA2LKU_kFcw,1
asmbBJ2Yiuc,1
hT-ShAYuPM8,1
GHe2fnDXZUQ,1
GRmzyhfLDqM,1
DTjfnQ7mc8A,1
yIoOUjyc8Mg,1
4oM2BQ17dgo,1
c740aEi3EcI,1
8b4DVYHiJzg,1
B6NHswsygS8,1
qmqCsAq5cOc,1
bY8kXFacdyk,1
Twxz-ZJiPZQ,1
sv9jQK448Vc,1
1ZKnYv2QvvY,1
MZ8C4qPtiSw,1
2hq8tkh-FiY,1
FABk9Ew4SxA,1
4Qjra1bxoDU,1
z1oB-ZOS8aM,1
T6QigQg3atU,1
orvOWZZGi0o,1
ep0h5Gdqo-A,1
cbwl-MZT1Ic,1
h4WQdkSdy_U,1
SQD7uHpTYKg,1
Xxj1WuFWTr8,1
CRJLjasbP3I,1
HNpg4hjTjlU,1
_XuTQD__U8w,1
RbXh_NIUJNs,1
O1bM5LZlcuA,1
wUFHJ4oJJ8E,1
m5-G4HsxMn0,1
URoy5DVRK3E,1
lTsxXAH4DhI,1
fMgBWXm2jKI,1
3BhYLTR0KHw,1
va1T4sDvPUE,1
OGROdEdqUkQ,1
zsdEty2TFKQ,1
NgnovK0i_yI,1
jLOcB-pOwTs,1
iJ0xCPWxGfA,1
4blOYqBYOpQ,1
yHbdryWf4E4,1
56OxT8C8ah8,1
NCv2EDadgHo,1
avk3JUEva-I,1
BLSWCL7uKHQ,1
HqFgnYFdHM8,1
kxYnPhyB4o0,1
Hbp51y0omf0,1
OOn5EbbZjtc,1
UbE74urHVco,1
Q9dEKEI22nA,1
yTiEY2dKx9M,1
FeFcsGyG17g,1
D54Znjdlvt8,1
RFkniYjps0c,1
aDwXs3eEceg,1
g0y__ur-Ob4,1
FCcPVki43VM,1
pSN2-yaMylc,1
V8vRUNlep_A,1
vRMR08JQmnw,1
eHUcTmtWRIQ,1
aHMYb0ADtOI,1
tGperdJHB4U,1
tn_Hyej6FkQ,1
qcLUOvaFLiA,1
1rqRBbhO5J0,1
u5xPqKUy-eE,24
GgDz9JxJmOc,24
D88XUUhh2rI,24
DDNdIzSoP4o,22
TbCtIWEXZBA,24
Di71VCbdphs,24
aj4u4pqF1qA,24
JLNpFmk6PZ8,24
8KZCsnoXpkE,24
9-VvaByz81A,24
j3ogLVpMNX0,24
EuHt-XEH1xc,24
5zdBKZYQUI0,24
EggPZA1LSnw,24
ZjosKlvMMMA,24
9umSJO-gJ-s,24
YY-GDIEoeSk,24
QJYxeb0eFhg,24
v3cNQT7hxH4,24
Z_G6gTiwXQ0,24
YPjCodP_iLI,24
A6cQNAPRYaA,24
F5c57aJs8pA,24
SzyAFtExKUo,24
LdLz7cJgzlY,24
RUqfZdDZGlM,24
hd0t95qZURU,24
4DWw5XsjG9M,24
SDrkQHmaZJc,24
I8TkjSjQ_Cg,24
dRqP_6GwCgo,24
4sPg7qOIelc,22
8lLLv1otuiQ,24
9VXiSE6-UXM,24
WVZtaoECtkw,24
p0NA8P2JqUw,24
nzYB-sMIhPI,24
tL2N6iLVn7o,24
i8Z8A2ga5gE,24
d6BOOwtMhNc,24
SbF0OKL6jag,24
cDvn-n0Res4,24
YZeQAD2VRrw,24
1NE1NO4m_fY,24
nT3rDTDDALk,22
7dB_cXZ9gTI,24
-AsbQjoMJlk,24
i2txciBwVFM,24
3yOAud2oO84,24
u1NthhQj8jE,24
95ybNlZwNBk,24
jZ-NAgqACXQ,24
oN7GGg04_dA,24
F4G15aeeAuA,24
54CoFvbBiXM,24
ntPT4qxI3Tg,24
gIX1zWqEi5k,24
wJIV-Bwy4OI,24
oSU7-WsuRII,24
ag71CKMQcaI,24
k2NS6avVFtM,24
xcVjgHIezqQ,24
H_byNpG5euQ,24
gq5p-QtCF5o,24
Hz3AJ_5fbYE,24
R8saSCb31uc,24
bvtJngBaaCI,24
QemB8j5u34g,24
Gz3h3axwCxI,24
kdSHOdLqHBM,24
Ds6Y7Evw4vY,24
CmKKO-DGj80,24
qTHrnyzgPac,24
JKvl9ukE4Ak,24
5NLYgnT0XcM,24
Yldd4JxxRc4,24
5tFAd3InJ54,24
9lFh1S7gFWg,24
e7jAcw8hGLE,24
XkUSnI0vV3w,24
YXYaU-7YSNk,24
9Bf1mG-J1A8,24
OdjfYUvQ6zw,24
cyqFV5ob5Qw,24
ASQVIOiPHTY,24
X7Dw06hWh8Y,24
M3dI0rcIgeI,24
IEQCtTo4LO4,24
vBoYh-QE5Xc,24
L6OySOKeiLA,24
cT6S5cQGL68,24
UjH3oT1RPjc,24
QVpPxxrRcek,24
kRM1ORY93fU,24
neUGZVtKHSg,24
R6GYCUO5AJY,24
1Se4VqMlNZc,24
31S5W55Mmas,24
PPzu1yLeP-Y,24
Q1VSh5Hws9A,1
X-mxAgQ4YMc,1
OrPGPrLCfPU,1
DCD4gxprjwg,1
0MJ-BXpKfQ4,1
-682L78W5-o,1
wt-nI74Xt0Q,1
3CVSJNgotHE,1
tmThXo32ySI,1
SBJQEYWgF_k,1
0pjSpA2Hxbo,1
-MwUTpsbJSQ,1
cxcr5z2dqxw,1
Z4nBOkWGcfk,1
0J6nWdYIBTw,1
bHJMpSttU-0,27
MeWOjiO3BRw,27
Y-vIOwGcIhg,27
fTMwsi4LThw,1
Od4_AlYz4Vw,27
oVEJ1og6QkE,1
lkIKvVp07qM,27
PlTgvJzi8MM,1
oYkeZBVfWEE,27
1bO2kJ2jLII,27
PeHOWUVF1Is,1
b3VEsgjr1xw,27
MKrlhq97JSY,27
OG6mLP6J5Eo,27
xBGFLOoWovI,27
cpP3GPffGbA,27
mdZ4QPrIhHw,1
i8VmaMBu1QI,27
KLHw9FWWpXg,27
TZOcqwyKGRU,27
AzS2eWArzPo,27
wEdSnp1gZTI,1
rShmPVesPpo,1
1uIguD3zzGY,1
8C_ZRzI0KcQ,1
H2PNOs2sMkY,27
4_eupDjO88E,27
yoXA7kyT4n0,27
umINTNOiqpo,1
1-YyCUfaLI4,1
t5AvNpfEu-Y,1
5j4WZKI2geg,1
XCP5wTMVyH8,27
WVVoxl_5Y1g,1
g84wA5jwxA8,1
D5CHt9YpPVM,22
oUpDGagTzzo,22
Y7-W5E8gCiA,22
U3EeMXBfdow,22
2qn-hAc2Jyw,22
-g9NFpo3uww,24
jOnGjR_kSjo,22
c0tsrsBBMTc,22
3FzOWHrTFc0,22
11FBp6bXWos,22
_JMyWlPdJo0,22
Hfq8ER3moRo,22
voKjdX-9D3I,22
OuOLbOp2PHE,22
0o5hfSLLVPw,22
lcdcgHHcgRw,22
WIjU44h1dBg,1
SDfWxZFGtik,22
CFb_Ja4TYLM,22
q_UVpFfAd0w,22
QW5fkRWNSpI,22
-jxYdD41tYM,22
ZpD1WmB0iBs,22
DiUdYoW34DE,22
kZyvT24GvsU,22
88vsNcdLpPA,22
w1KTvFT7bWQ,22
0RsYPJvB9VU,22
GjwFCHiZs20,22
M7XIRrsJO_4,22
h65i0vfBa7A,22
2ipTSCa0nwQ,22
rIIVKuPkHFc,22
pz3lfQlf-wY,22
T-SOaRs5XGI,22
coqsKhFnv78,22
zlHeErRajwk,22
TFrZtnPJEUA,22
4cZw8gCp4H4,22
L8DhTS4J_IQ,22
M0ZLPLNNtxc,22
6H8jY4fAPs8,22
yXVRbQHvynI,22
h-MLvqJUDBU,22
wfiqQwl6NLE,22
7mxL2K30DIk,22
o-OmaTi4UI4,22
y0KOzj6j64o,22
yY9k_3USG0Y,22
puhLAKBXkEg,22
Xcu5dLOYdtw,22
Cakv7fp8Q3Q,22
xFAF9WLxnL4,22
i2U5A2uNbas,22
RJJ-PDIomqQ,22
J0cRB4Fb7W8,22
gidf1kNTKpo,22
BoxMXLWhfzc,22
6qGiDkH_B_k,22
M4eTTh71qkU,22
546zvV8-_Iw,22
-akoehnKdUA,22
AMe_6Svxeko,22
GKrfVnRaKf4,22
QUt8aPjHToo,22
Bd2CKXuTHvo,22
ZK_yxctbjlA,22
QiIlu7WBfZU,22
8kUlKOzkJ44,22
59YvfM6Yzpg,22
wJRVjPG4T2c,22
aXrsJBLX5kA,22
d_Fcrcjsn_U,22
XpjmgWWCwvY,22
B18IjuhrO0w,22
giCDW8q2YMQ,22
cP1RkysZH1A,22
a5qt6TZvd_Q,22
0WEzcrRnb90,22
HLfQwRHVPaE,22
2C6vsB6lSlw,22
xKsdfQgH85U,22
3f6IEm3mZto,22
HALCSI5aEQw,22
2g-q2xQRvu4,22
Ng_U9ZNxJ6o,22
SKPO-HX5yHA,22
yofDX03NtHQ,22
snIZ5ivILt4,22
YDFK-aXkiV0,22
UhEweCMFCO8,22
mqzjnsmC6SE,22
TRzdkRgA6Tw,22
bUZK3acZWJQ,22
FzLiKtDrfao,22
da4HC1oF1gs,22
qmsIIG3J104,22
1-O2pUg9Wn0,1
2nb_myZxQ80,27
1qYa9Zrjwd0,27
7DXLvQlU5i4,1
OVJKBpJ6jVA,27
LOrKHUr0b20,27
uuTRjQD5CkI,1
tJq9d6GqSDc,1
D4-NxcuTBkM,1
_viUCCEYtuc,1
RN0TjwExbaI,27
gtHnptK151I,1
XscLqmNzbp0,27
8PRttXpZQnw,27
0iAZSDDE_Aw,27
EQIjNvYh5AU,27
DGvPdYRKw1Y,27
XTKqRAMfOxY,27
9R-WMx5XyUk,27
PryfaVaVWOw,1
RvYKdDJWHXU,1
tPSTw_6U9jo,1
cb-_K3RgDHc,1
6es-Zif86Uc,1
FAWcu8PCsQA,27
hKtNeVG2TOQ,1
JzEJla6JabY,1
q0nr6H65mJ0,27
sORQmmaVyOw,27
V5gKOqzis2w,27
rfpXQ_Ajn2Y,27
BGH80y48R9o,1
J13VEv6EJwM,27
RuIbKvKX4-A,27
uTy-oxu6OgI,1
jhuc_3xa3Pg,1
i3bR6AJCNHs,27
xlXScLbE2H8,27
X93IJf0ud4g,1
2HkiS4X32uo,27
5iQ8nHkje7s,1
nuvKty4MuRw,1
q2ry1a30oKM,27
ntlB_qOUB20,27
CAQnTHu8aVk,1
HWtJp-sWRZ4,27
Mgz6eHj-5Wc,27
3hJb088t2Qo,27
koc0fYQgt1Y,27
4Q6Wih7p-Ss,27
3iZKfvbAOKI,28
xR_qIXlnW0s,28
mOkNzP589q4,28
r1I3M7xuix4,28
Rf1jelJ741Q,28
QhhmxJsZzQU,28
i3VCDlWafVQ,28
7gBFyN2kJ2c,28
jqQPlEaEy88,28
sJo9601jtAE,28
azTcxpqSzNs,28
Y_he_T26khs,28
QubCLROemjg,28
856RiRGe39k,28
dkgsnQ-92Os,28
BwCMLcdF6kU,28
oFplSxJBi8s,28
pBRgoXexxuc,28
QrKO6VdFMjE,28
i6d9MkOSdew,28
_FR_nGcS59Y,28
96dkp03Zuts,28
kJ6A5TqGnU4,28
AXsT10Y1y44,28
b9-z5081VJk,28
f9iS2ao74SQ,28
jz8auphMgzU,28
VcW7hy_tUoE,28
zLzxg93fmz4,28
QS6rCh-lfH0,28
7ToOuPraMEI,28
hn52PaNyX0Q,28
ZC-baktffc8,28
_8rp1p_tWlc,28
6KrN7u0rm9Y,28
YTLZzCW_y84,28
19PcMB-VweQ,28
NEDE0SozSNU,28
GL2Wxf-ws3c,28
8t0MO30SXfA,28
e2DxZ8fplXU,28
V3jozf7c83w,28
Dz0pwzT8TtY,28
zG0o1Id0Lb8,28
U_z7J97HPJc,28
OO5n2lHuDvM,28
Vvghjfq_qKE,28
RfU60PsPHoI,28
-oiMect0ly0,24
1dHHYpGQ2JA,24
-N5B-vazYEM,24
YgOtQw0wfcI,24
O-5nHr9jQpg,24
LOH-2sNXjHw,24
ZE8l1l09JpQ,24
T2zmY4F33Xg,24
KGdLJFNC3zY,24
KAVWZNnveoU,24
riRe8JJv5R8,24
c2WXn9--mtw,24
P-2w1KTLuLg,24
Sa6Y6ImcnRA,24
LpMNnIaHz1k,24
nuTo5VZgdXM,24
9KG8sUtx84I,24
tN6N_Fr5O38,24
aPTSOttMQu8,24
64yDw8xIIZg,24
gtCWNSbdrcE,24
05AZVl_WLFA,24
w_kbmk-_dF4,24
FGVI3nzVXMc,24
0Wdq_pYq9Vw,1
ozgrAt2tZGQ,24
wmU0iLj9XvA,24
DVvE8a0j4wY,24
CHpnUHlABOo,24
2zVDzY-Hj9k,24
VOiGe2pMfjs,24
yWdAEq7Ax-U,24
-PgG-vt4GgY,24
HFBlneUAgDM,24
BtLlZGByFOU,24
cAWKt6wLiBo,24
XhkorLKjw2U,24
CJndHecxYQ0,24
lsIdyWgsEiQ,24
qVvz87MEpQk,24
kxD978REwek,24
BeCecmRBTZw,24
-NLgR5-JkgY,24
onCTZJ2QWC0,24
DF_56LSMmkc,24
hM9U0xbLmw8,24
BEAy0fl1HKI,24
ndeL_KO51E4,24
59jbWaQxN9o,24
1IuMHFU_Yzw,22
NPk0LtraaaI,22
e3-h6ZK1H7k,22
jxqEfUfBhOI,22
6lwy33j3OIQ,24
eUgiSf9zhco,22
mcNYgN0zyko,22
lWIp0o0OeGs,22
8xtj4BkH4cU,22
wJkYTHjUH2Y,22
NTMrPuPdth4,22
e2iYqTn8Ryw,22
_QWJyMSo_Z4,22
gvzOYjWlNiM,22
cb2JARAIXC8,22
hOPWKYG9LRE,22
Qws-fRFkvdM,22
BNqRi1B0zf8,22
Ry2BYrUKGI8,22
jvWcUZAOZ00,22
kfgCgHhsOZk,22
w278sXE4PhE,22
MzyOGa_UwE0,22
mt8Y3wVC55k,22
gbYlgcoMCfc,22
i1tx5EJYYwg,22
IDoXr8dCxt8,22
1XK0BRyeEIs,22
sGcVO_kaR0k,22
vV23rjcIgds,22
eInWukbhQAE,22
C2fO6LKtmgs,22
nJZWillu_8w,22
LwhJDfjCP8g,22
j4Wyv-JT6sY,22
elJfEQ3EUUo,22
Y2i5SuU_ei8,22
Zv_JYw_Q0Ow,22
bxbXB3R_aM0,22
XAr_a26uFLU,22
9ArMg1hPte0,22
h5aItWwwizs,22
TEKtVcZnEjA,22
u4z9ZAYw0kY,22
S4NtOZAT1Qk,22
i1vO_M4WOZI,22
aKBd4I4wg6w,22
9t9P1XwnWVw,22
fFizBJQ23I4,22
cqGKa-tGgsc,1
lsXw8e0xGIc,1
nHnrmxBS7O8,1
YNDlcqmGRRc,1
V5pE3JNWQcM,1
1a3VtAi3TSw,1
gR06S3NaV0k,24
O27Hj8AX2qw,1
p7IPi2ful3g,1
Bnn7x0AblEg,1
H9erBNTjgvI,24
Z-P3nCjAD7w,24
Taz6Tg0902A,1
K9IC92XV7rA,1
fnVmBA0CdEQ,1
fYHFunjCW-E,1
WGp06IdEDrw,1
uNDGIWhANCI,1
uzlpofY2Uy0,1
G1bNwgW_8N0,1
MpIG7p_DOOQ,1
_UGXsCfiR6Q,1
qcb2gGmmiXk,1
IGdvUL35JQM,1
MPgpzTU09hQ,1
92uDc7i5R7Q,1
lfYkyBwHAxs,1
sojCtO3dfQw,1
pUsWlbS4tpM,1
tx2OzMdgs_Q,1
wieifcLSq60,1
oYEmWAUkObI,1
jITq4t5w7og,1
G3XvQEIrpdM,1
l8k0skuXjCs,1
iCFiSncEVhc,1
kDMdnz4lllE,1
8Kc39x_EPu4,1
zGQIarAJAQM,1
17USsbUnGgY,1
eKooac8-si4,1
kteMZsri2Z8,1
Ox4zs3Bjbiw,1
xNr7wP_-S2E,1
Qk6qLUtPGGQ,1
DWvlDX7s-CY,1
-k5RryOfSrw,1
B_DXMj3-DB4,1
9CG-6YLGOIE,22
Ug0lCo-IWUQ,1
-2yE9JEo0Y4,22
W35UjzhPHqY,22
eonBp002ByU,1
dm3-0gEhXAw,22
gyzX37yI2zM,22
E-OQV3W-x_M,22
GE_bbBKnauY,22
WfjRbtpjr-A,1
Fqw9XmocsI8,22
oVWe4P7LWOM,22
v49ad4Fpjcw,22
sL5fqcAw52k,22
nkWufYITl_Y,1
IT4MkBRtyYI,22
Hfe7vIcCxyg,22
eg0wjqbYtyU,22
GUn2xD6FRdo,22
KUK9V3Y3s1o,1
mPlVHu9kUk0,22
IyP0zX731KM,22
1BKpTtgCsTQ,22
b2QtHfFSL44,22
LHtDiU8VjYw,1
bAN0g2iSqVA,22
YoJnDQp8mto,22
YY29wKXueo4,22
uXuEAzDFRxU,22
hObN1I8K7J0,22
KumC3kgYyHg,22
lfKehGF2moo,22
9gI4mQou3EE,22
I7uu-qg3Nic,22
if9g4mGmrnA,22
OpjkKi3K29w,22
TD6i9Uq_aL4,22
ch41Aui78ps,1
ZQVh_1-y1k4,22
73u47SW9STk,22
fBcqkJEalgQ,22
BSshkDOx-kg,22
HCgufbI5iQc,22
KiA7D3QN1Ls,22
Jo-oAi2POI0,22
YkOawwU2hYY,22
JmBo9UXALUQ,22
ukaR5BLvpeM,1
6o3mFRhtXAw,22
nBgIMDrzF5s,1
pUrvnadKFg0,24
2eQjKrGsalY,24
K_jbACN74PI,24
E5JLoPs98Zg,24
lhBT2L4SWeY,24
qIzYCo8FLs4,24
lCc1KcTZMn8,24
xFOR1l7vvRY,24
esph1v4ZSVI,24
7VASce8f4UU,24
HltTI443QOE,24
hHjFtyK578E,24
bCXiXk-8WjI,24
vSZl7OK6seM,24
5UADmzTKeVA,24
9RvNzTO4B1c,24
KmpaUYSaQfg,24
5VI5cFnkczY,24
53mE0BT7qzs,24
xBdFaePaf5c,24
DubHbTj7xe0,24
FIvQ7j30-1A,24
o1zoDpebABo,24
s9epXpcKYIg,24
yeNesQXfFcY,24
dpBwrMvRYqg,24
0TxdlUUUCVU,24
DlqGLLYeoOg,24
N6Cf9xuYITE,24
qy28dJH2hsk,24
5x_ojuGv5XA,24
datpLDm1714,24
6EODwHZpPk4,24
IrDNNMpUdUw,24
rfusme4H3zw,24
9mTOgofOoyA,24
RebxkcK8lm8,24
PsDwgcJyMZ8,24
6CRYgRQqXPE,24
La-RSqfy16Q,24
pfW8PhSBIIc,24
MGRfyirAo3M,24
aUC4h3V3yv4,24
SkjBkvM4vQs,24
jG3-oaA3YIc,24
8EUowrCiLx4,24
WpKk75wqCbQ,24
OWnqU6f7KbY,24
EXCO_fQpVrc,24
5WjEiv5XMXw,24
D3_WDfnbw1Q,24
MRw3npyoYM0,24
qBo8jSe8Yl4,24
zEKfgOVe4sQ,24
uQzcn9pK6lY,24
i60CZllvC2I,24
ry5sxbRJ6hk,24
fgCcFpIzSa8,24
FucuGfbYTxo,24
0QT1k4fy9uM,24
Irh2CxMjgtk,24
w9PfVZoGDcw,24
v6axBxLqCBY,24
44amfhk9ni4,24
mp5FS9mMpSw,24
9XQ7Z0dSHNk,24
yFQZTSEkBHg,24
HwoYcyALR1k,24
I9FbGJlcY48,24
zxW62bnSHIQ,24
5JyjyzMq3nc,24
A1xwBo8nUBo,24
ks7QiojuDH8,24
BknvJZcAsOE,24
xCnsMI5AeNU,24
Tyy3IsEBHaQ,24
qrEXHCcYS5o,24
rbCpHOxOU1s,24
Lh6q3AzlhMI,24
PK1UOW1PXQQ,24
1oA2NlUaQFo,24
GcpVO9wc8js,24
2BDZlKeuFq0,24
ilMghcp_Dts,24
PeFZrFAJfEk,22
9qyiUg2Gkbk,24
S43pYbxp0Gw,24
AzzNfkcJkjU,22
mFTXKwX11jM,24
edjVzEwDuVE,22
93skX_ClXGU,24
WnVwxoAbgqs,24
dIxSRVaPYWM,24
iUk4B-WIxnc,24
7YcdPXgV-bI,24
Vl2AUl1-sK4,1
TY4zUCn4oHs,1
UqO06WG_jNI,1
X6R9c9dyAuM,1
1cI5amicsJ4,1
YreDI5ayVGo,1
g2lI-aAYnVQ,1
JsE5BcKkSzM,1
jeJkfHi7G-s,1
0OScwpdVIOk,1
kHwN-3DR2Ps,1
fDsl0qrtC6g,1
RZ6LObsXAkU,1
U9rkFoXLXbU,1
pr3WS916PU4,1
qucvBwuzIrE,1
XxMnx9YqXh4,1
t8ltu7OGKgI,1
6O6IK0jO0PI,1
-D2U8nqgLwo,1
XkXc_mzzz_Q,1
YIy_oHvkMdA,1
vIDrGgxKx_0,1
4AH1EsFGqBM,1
q4a0j-1llIY,1
yx7iafHlyCk,1
kPD8w8mBEVg,1
8HYzOOBNlo4,1
Kiuw2ymM4EY,1
hgb1k8AaI3E,1
lKSE5T3-QVk,1
SQoF-S_CNS8,1
pRzdKE3l1U4,1
-LzQN_u2IyM,1
H4vGCXWym4A,1
bB5eqhoGAts,1
_uQG7QFUFD0,1
iPj4ZhLK8yY,1
sqHhwa3Bewg,1
ytDXesUcLw4,1
ZGPtt3e30VY,1
imYGhpYoTPo,1
5oPpFkFWD5I,1
_P7m7-A-PyA,1
pK0zEyQ4iT0,1
fZG5L-E1QIM,1
hT0OxctL4ko,1
3TkbKOms4j8,1
ujw2UkdRv2I,22
fzrU8t5nZ2o,22
jWooh7rE950,22
Ht1nXKpgj8E,22
4Z3Mx9rXGjc,22
3NL_ecz1nOc,22
ZKpIORtuI6I,22
QGVHw_haHy4,22
ZQ5pEJjJfSg,22
FyvCRs0eZUw,22
0pufkmUu6-8,22
VnPPItMwSr4,22
KbUnW3hNpd4,22
tFEn4oeE2_E,22
NIrNdI5qe7s,22
ubljTg_7kOY,22
B_ro0aOBqTI,22
kbChnaARFt8,22
1F-V9XYj5gw,22
Ia5fdV5Acbk,22
zs2x_dt8eXo,22
ho-6HBr9Yeg,22
2K1vWOa1ESE,22
PF8dJTujk-E,22
v8w-dgGlZC0,22
Lm4QXqQcEVI,22
HtR9fTM3QBs,22
kBhmUtg6YB4,22
H55Tjq0G7CU,22
JxJ8_N8OmKM,22
9EUXlvItBfs,22
4gaONS4-meM,1
kPeRvPvgiMg,1
JdHyEACsqx0,1
vv9iITzEkfw,1
2thMCG0Izko,1
RB0pw0U-h88,1
nvBiNgm67XE,1
6ryIyGgK3JA,1
pCJ73uSn_F8,1
tnjQrQGFWEw,1
0MwIA3ZDOjI,1
DN4PEXTeioQ,1
L0KG_CoJG5E,1
fAefUCLjlDI,1
NKlLFJEFkVE,1
oX8CYX_gYsg,1
g2hUF4TzbCA,1
fBTV-1Hpbn8,1
s4Hz0MuN-4k,1
H6evihqFGcA,1
aVWuGcphgLE,1
4f_l2TNpia4,1
38QaX3OxdSM,1
ozWdlqPuzvU,1
OaxrvMMOXeo,1
2L3HCZjm0Gk,1
V3OPmFrOMs0,1
7Wu8wjdTnsA,1
btlKxl2HjA4,1
wmfITFXnym8,1
11VIejKMKRc,1
9jIod02WZM0,1
7q8d8x3MklQ,1
UM7ru6VuBV0,1
vKH7H4n_x7c,1
SN6WSRqtUxM,1
QasASOgp4GY,1
98VNpQRzxyA,1
xE5CL1aTyDg,1
dg69hGECBO8,1
GOhZQzgfmPE,1
f6VUHqoJdrk,1
ZfK-fXDXol8,1
qu2NQkZm0fM,1
oi8vkhBBN0E,1
8eKhM6CBrnU,1
mmnLyyA-Vus,1
7TgQl5LyH9A,1
kKUgdW7Lm24,1
PtB2RlgUiq4,1
5kTo4ckVWUY,1
l2HkpZCgREE,1
9_0hJfmhT8s,1
AefSNuXIfr0,1
yMEkeGQy3Jw,1
Yjc4TrddP9k,1
1FUncU9j4XY,1
lghuzQBFxIQ,1
q4zp6kDKci0,1
hT280oZHlAM,1
Ax5H_dZ4-Wo,1
PJksu3iOI9I,1
96Wf2UdeTeY,1
d9no4qKdWVE,1
Xu95cUcQje4,1
WKj1bnMYthg,1
o2wxsn48cho,1
na_6oGObqGw,1
XrClX_rb-wI,1
llfJjpljBLY,1
VQ41z3c_PEw,1
JUgsZNVWZPo,1
OAhm1CrQles,1
gE0f_N4nkPU,1
oyvJgdspmWo,1
l7sXPaoYkYM,1
Ohku3rK4KbM,1
JS6YCPziCoA,1
Nva7Dwlyx6Y,1
Hoo3MJ_wPhM,1
MeAMIwM1RRk,1
L6_8yV99eis,1
KiakhrtIjBs,1
GDfdIwuYiD8,1
lcn6EpyHC2I,1
0F-2ysGb3-8,1
JU41b1146hw,1
CIGm7c2m5Lc,1
O8mbFnwUBYE,1
l_ubyfUGKeg,1
q_qyxe0-N94,1
oFVcXXg1MWg,1
xSFPoUeMoGI,1
A6yukiWTPZE,1
vuzv8cVe-qg,1
5lgwRAaCNgc,1
zufGOzMxCm4,1
6YxDxMUbCq4,1
-qAHA2n500A,1
4aYGFmYJB6c,1
bWpRlqHzyk8,1
aj6t9byBW5o,1
AIXJa1NWSUI,1
GELIJ74fT8A,1
UUdqQ3-biqE,1
WjeZml_IQlI,1
8EsO5RtrrRM,1
o7BQaKnNBP4,1
ys6ewRiS-DY,1
zLM4Cu-quHg,1
WEfkPu-U2go,1
E3opOIMacqw,1
dpQcvK5B800,1
lGhLw2GD99M,1
cEF3ucemul4,1
ICpgfWchwD0,1
delP2pzLJzU,1
nSeeLyHcY3o,1
g_9eeSdMBjU,1
bK7JN1daXk8,1
zmGa_MK9W_o,1
NdwMfS4cBIM,1
lqNHtIO9zAc,1
riGNKs3Z3OE,1
9mmuVXSnpnk,1
PzXpaGED_Jk,1
GaSB-a1H0_8,1
ri19JgjU4TQ,1
5wRgRAUrbms,1
9lvImVGWU0w,1
0jmPKejbfSs,1
4K5jyeWCB04,1
2YxpFnWoa9A,1
GcIFvHTEPzM,1
MC1ddT8M1MQ,1
9FvKbwoCnsY,1
ydz3d5B9dnE,1
C3mqNtj_jow,1
ZfBGgYcWV8U,1
heBCuO1zntE,1
PYy4GjdInAU,1
N11YF_nnZN4,1
INkuk-spgWQ,1
Q10oMLFX5oM,1
4KEBr9_yKO8,1
dBksfMN1wvQ,1
BzOfPjMn1Ho,10
xb8-erpqfHA,10
eHNMPrtRWJM,10
Y3IjlLnDSHs,24
hLwEs2acTo8,24
2-Py3G1JHRQ,24
T7yz9OxZ58k,24
rOqsttx16no,24
e-WICsxHrkA,24
uaVF4TI-Yls,24
Fb994K0rfa0,24
7tfMxgJ5auo,24
B_t2LOODQCo,24
kwkH4rMvKP8,24
W76VHRmEna0,24
2WY0X89eByA,24
3W1XiWr57nk,24
cDd48b2GATg,24
vX1N-RVhQv0,24
A5pX2G5kydU,24
amzSl-ay4bY,24
CLo0sdAsmzI,24
rEk2x6ix7nk,24
34FgyS2G3II,24
XPc6EOzTlRE,24
4FQFrCuZRYc,24
5LzboctX1DA,24
s2dUr2-edpk,24
shfjP62Y8k8,24
dkiZVsI8VaE,24
UeJRYoEsWdI,24
YgPY0ifTa4U,24
Ladc6RYQmhk,24
5wqkL-qtYCw,24
hw_MCz_EGgk,24
F_islOMriQ0,24
FYeNlr99yRs,24
7EsBYmsO_pc,24
CcpjsbhSgZs,24
HKA2ULddK_0,24
pd7Aah3j5U0,24
m5fGOC9hb3A,24
cB0t6MDE5LY,24
St7EaHGkWbA,24
HLFBhApMzPM,24
XPo3lSJEERM,24
Xy43bM3S144,24
_Z1-THI0EA8,24
ZPFQL8cyFvo,24
FJo8DhWbSKw,24
VzWfiUXmuYI,24
mNFUXT-biEE,24
RbrSFtke0bc,22
2_n4TlbZM-k,22
3JzlXgARScw,22
1LBd0XyQuB4,22
N6LDMitm0VI,22
Rl_e33SoLZM,22
XqFXO-AgwVg,22
isww2YpGm64,22
zROuHgdurqg,22
b3i12-upybI,22
31PuEKFnhmA,22
8VBAeORZZNc,22
b4vLgw805_k,22
cOo8pEAjzPM,22
QG5Hnopyk4c,22
bH7kmSbarLs,22
c7XPqc12i9c,22
3T1GuLeqtSE,22
Mu3ocUT4RR4,22
u9Iqv4CYjiQ,22
lopZXEEg9A4,22
Auq1p9WYZw4,22
ECWRC6OPqRg,22
435gXZSuUy4,22
UBfNkWGMiW8,22
-Ab6PJWbN40,22
RTXONMOKCS0,22
4q8zzCr35Vc,22
3WoT1-_1g8s,22
1qo9Ng447k8,22
EW5OgXGUEf0,22
MKb-bRAQ3ts,22
CfJ6kIetmi0,22
bnh-hCG-9s0,22
ZUEO93cN-Bs,22
jgT-_WJS8yk,22
1TKTT8ycFdE,22
3CZe_ssFjs8,22
GJ-Bycm5kF4,22
8iJEwMSqUdA,22
DtnQmSzaTEg,22
MbWnz1q1dtI,22
3FC4teZFfaM,22
W4UMikObBjE,22
q7SH6-Pfy1M,22
Fmx6LmJS96E,22
NqqQSbXssTI,22
XG4ZnCcQozQ,24
d28r2XBTagY,1
aFVD30XTXI0,1
meqPz5DH94E,1
eY69ru1lqx8,1
ik1GgDLN4CQ,1
rSK5E38QNHE,24
MEXdHDvKh8w,24
jox5fDLgge4,24
sRFJ4dCPKdQ,24
Y0UOc-b6tsU,24
hzond0fF4MM,24
X_USR4mqSI8,24
VxRL4bnBsDI,24
o3rMb-wS3c4,24
tbLy7R7FLkw,24
QE5SlX8uyaE,24
RN7w6wboMtY,24
IjABmSQkKaI,24
0X21kVRZvnc,24
FsYIIin8khg,24
C9vhbEZCQ2w,24
kzNvkv0AAw0,24
54odWchhphs,24
vV--j4lAe_I,24
WU9VNQ1QfKE,24
_Fg0A8llp94,24
ffoFhMAYFhk,24
35Sc4k6gWBo,24
IpoBooj43Bs,24
30W0xGy2o8c,24
uWVH3qhcDIw,24
W51g-SnyPgk,24
0B7uGQQUU_0,24
drY-1NehGSM,24
eaFh44_LGOU,24
VoYZB_VPYNk,24
vkv9R-pStT4,24
323WIkjbgFk,24
oPlZfzq0Myo,24
wBDvmFB_8zk,24
sNExxe1abaE,24
AusklVbbyUk,24
d4s-Bkk3YZ4,24
ZWmuFREkw6o,24
6mwKeKHivnc,1
BedG6X9THg8,24
uMR6_i3bzuM,24
52iAwm5Yoe0,24
PTAG6Thc_LY,24
KOb7mPFQyBQ,26
tKX6fvXP9Xo,1
rxA3Du8lz-8,26
hKYFxJas8cY,1
moU6mZ6Hrt4,1
EuQ0vyoT9rY,1
Gq2g0Xp0vFk,26
ANAyBToJvUM,1
DYTwGDv4J0k,1
q5Nzmj73MV4,1
G7W4LM3FpFw,1
OhTP3MZLLHM,1
feX0mu8sLwE,1
HA0MIojzO7E,1
11HKGoP192s,1
gK31AVRI384,1
TGNq6KKDOOE,1
-bj_bXJF2gk,1
fjfzangb-kk,1
lFiNXMbb7wI,1
OsK5To14z1w,1
wakVwHzjr4A,1
Yx-jofTdhfw,1
iOAJYlPiM-c,1
D7gDYJCf0xo,1
lsJnlkGlL3A,1
muv1_8mgo_8,1
N_RO6K0ovu0,1
lI6913hKeD4,1
tBodTqqUYi0,1
M-QuYG56-SU,1
R78BwqORkIM,1
oxCPvZTo3IE,1
6vuF3pu5zBY,1
zKQuQvLeNr0,1
wgYlS5Xk5lQ,24
GS8nCr7Ii5o,24
191lQBa_9vY,24
PdT2Ho9zj6E,24
O8de4ISKj60,24
sJkj5FeRvDU,24
0jswysFaxkc,24
UQXsWLBYlI4,24
5p8bvgp97wA,24
MejaFInSK-w,24
8RVADL6Wh0Q,24
CQn33aQjlYo,24
Yhmb4lALDL4,24
8hFg3bpXuNE,24
kjJnA8SgYiw,24
VTkVADu9WIk,24
zcqqzx9f6aw,24
DqqTN0xDNUM,24
vnqJRURkecQ,24
OZbxPQJrh_I,24
xdoah61mFJc,24
9sOuEzQzMbE,24
Aryx5WnmgFg,24
N2TM8xERhr8,24
HO6CEyVp-Gk,24
HXMyTUvJbSc,24
NY8TcFOdgaQ,24
7SV4P5gASpU,24
XH9HT8esM-U,24
mxFYAozeCdg,24
LHXbTUnTRJc,24
IAsXi63bKxw,24
8Ge6tLzeVBY,24
ZLnW47VKih8,24
1XbX1n4bwP0,24
L6B7lvFAHRs,24
FkgLFjRXIwc,24
f1GkW8w9l50,24
rtHNjldDMjs,24
kowadaCNB2c,24
LWLqBsgFdcY,24
aLbbvga4nD0,24
hlBjb75kHZ4,24
Ar1j3QVGn6E,24
GnSksuCrXBw,24
uSyYJ7jHCXY,24
Vs0yRXR7zU8,24
gPMVzfs4UfI,24
GQxqnDBFkCk,1
5tWikz9yKbA,1
ACOAIZE0Bfg,1
IM_A2o93fwE,1
oHrL74UDg1k,1
J2MWQMUirlE,1
We2_UuUb2pM,1
NMONf2hG9tY,1
8PBZXk7RLWI,1
tuSEwvx9aRM,1
KoHr7GIrZN0,1
wGD8KB0UKGs,1
17jZYePqXIo,1
ka3fRKS0QV8,1
Mh2Zcau7aGk,1
8qUJyItMdWQ,1
YchcMI82cfI,1
8tIuX4fx-HI,1
P-KljlP6Mqw,1
-YpK9g9sWVg,1
cUQWmR67ynY,1
oGspv9mHh6I,1
RWc8W8gEwtc,1
BPqamQY3-L4,1
wDwFhrzOVO8,1
e22Ng9OiZPU,1
XF5PtwsyQO8,1
IzjT6yN9NOY,1
vKVygunm60Q,1
M0ylbeE8LkE,1
p_deHd3riRs,1
9FchEZc0-ig,1
1EzMobBCp0E,1
R3ajiJRDay0,1
Kxv3szZmUxY,1
gZjpYMVG3t4,1
BP1Lnh4xmeE,1
p9Ioo5NNb9s,1
khBm_IYjwWo,1
XUP3Z8QPJ2w,1
cqrtqu5mHds,1
qQffAHzH_80,1
7q5hTz2ICAE,1
SZlUMcTFwhY,1
tSpVf4s-rVc,1
ZH1j5B7wDLc,1
Wf7Q4lsJpK0,1
z6oqdrXgJA4,1
tsX1U09S-4A,1
WR2aAkomHm8,26
Ph5lGV25t68,26
bqkAUT-zOZ8,26
_Db4O-h92iY,26
JD_CKvSQDXY,26
Xx6VyF2E7NE,26
ZWXbTZvpe8U,26
2_3xhBwXApU,26
lWwGzZbsH-0,26
D_qwWTMCEVw,26
oRW-vtvaaCU,26
LthFixRFPtQ,26
xR22D77gnC0,26
hZE3DKT4p0M,26
8Y6fKh5e5eU,26
t5DawtzrMdQ,26
79D4etBa9ys,26
AYkk6uLa7Z0,26
EbaRdC3NQb0,26
qssDU5o3qAc,26
fMHE-QxidSw,26
hW9vlDYoAiM,26
PQmk57OQFQw,26
OwKzxZh3H0g,26
mx5bC4k5dlo,26
3Wb_GvbLOiY,26
qIUT0Ab_pU0,26
1wku1bOoG0A,26
PhGbtvLg0N8,26
7W3N279rdBc,26
Yup7NkxTDvc,26
BizITbMevCY,26
zrtFfd_sBSk,26
dxCQrl25v4U,26
XoqZQ0tJBLQ,26
jFa0EspgiEk,26
UET-GE4-MLY,26
Aih5irLQH9w,26
3G2vXyxJM50,1
DuBEiOKb16A,1
E4xwaRsZTrQ,1
tkTiKUhEA7w,1
DStRJKh6ryA,1
5DFMyOoESRs,26
ZqWGDYkTB_s,1
E0EBD86PDOA,1
Ng89DO8XHRo,1
HW_V7vXRQV8,1
8spBwmYmhVM,1
xepTRHdQXZc,27
obiwwrdtXBY,27
UhqztXNds4Y,27
ZVIZmXUE4bE,27
kfpq1xYUFBc,27
Pt1oZehJ5xg,27
EpV44Pf80xo,27
jDDNG4dOdpk,27
nXSxIc5GhCk,27
A0rHx01UBFk,27
Plq4Yt0W6kk,27
6cdHljeRu-0,27
2gj7qntJ2tA,27
93FC0TKDcC4,27
jKX2dzDASdo,27
AFqW6jBbf9k,27
svm9lyojtIA,27
eYGxJ_yR0MQ,27
BmAPbOLD5m8,27
JyfGi45d2lA,27
-Ll6JOWNZvo,27
kJfEPfYxOgY,27
f4PKgker_KI,27
Jbeu6bE_KIg,27
1NS2iS8dt8c,27
a_DmBAhGpQw,27
VAQGl71_9m4,27
o8wxgyXzy0U,27
OyfDpPv81Kg,27
zL17kY3LwN8,27
YXtfLYkNCOg,27
j7Dqik1TAjw,27
la4XAl_tVHw,27
J4iddjcGnOY,27
LYlYtnp9_1E,27
wOrH-xScZcE,27
i8ZX9cilHsE,27
RgEpOmy_WPk,27
7_2ge-ma_zA,27
KE1IPniJ5fE,27
qB3wVlrvfrk,27
Hr78dnqN5kA,27
SPlWcqYZCTk,27
92VJDbEZZt8,27
2fw5rglW9gE,27
Za6obUEj9AM,27
ArOPQbDdPKw,27
dVsj07bZpxA,27
SXq3n7ra4qY,24
EqFkZkNYLGQ,24
9YD1yhZOI-A,24
_FSIvnjsoz4,24
EdW1m00G09s,24
yEdExkixFNo,24
-zihoL-sbhc,24
0dDaLZyvGfo,24
yOWL6eWDIoo,24
0O7SpNUF4rA,24
R9BU4tBuL5E,24
p6HaoUyWhl0,24
3YOFz6cuYFA,24
Rungt7ll4Ws,24
3biPebD2Hxg,24
qfXjjA6lWXs,24
e0EbFEQhwLA,24
XNgCxDzaX70,24
6s8BjW6Ic6k,24
xwvOHs1604E,24
djL6iVevydg,24
S0bPD6bAPDo,24
SjpRmwC2f2o,24
e57bSBQWqgc,24
IW5-fslcgGg,24
PnG-ktmx42w,24
iAHe-fYgOcE,24
vqu4JvkgK4c,24
lPU7gU3HrhQ,24
_4DpZqhN2wo,24
XQDCq3J0ymM,24
_DLfKVv6N7w,24
wO0Nvbio8iE,24
j7bclKptTRc,24
udN0HH0MztM,24
uT-LuXJeEBo,24
LFYbcMbhx6U,24
w7Bz3IO3FsE,24
xjFvEpGZLyA,24
GtjAutDe9Qw,24
9xmNHHPz0OQ,24
DvdgqcPbALM,24
Otj3a17_bdw,24
hr9jSXZ3B4M,24
YoEfI6A1S9s,24
7ZDSsEr8jDQ,24
pe4uN8_WzvM,24
5oXZQJBtNaI,24
nf-9hkIiPWk,24
hN7WRxyDkGI,24
4wmjbwV3Y6w,24
6uCP73IzB2o,24
hgHDMxpStiI,24
3hzVqoSzv5c,24
5xP5PTlN6lw,24
wf2C2YrOMpY,24
LYwUiQf1344,24
y0HlYqihq_Q,24
xTwhaRzOfuw,24
FNfl7B5oQEg,24
F5FCo_UutCI,24
CMCvPa-tWn0,24
dz_U9e5X560,24
hRg5oHbsjLQ,24
dWRRpiZ7h3I,24
COR93x61siw,24
fj2-Qh9tEwk,24
jLVDUiEd6gY,24
YhRQvEaPtYg,24
wy3qxzh8wTc,24
HiDYt_aWgDE,24
yze-emzZMRs,24
fWS79c5MkwU,24
WVV0_CR667I,24
o0eRum462bs,24
tQigR9cRZ0s,24
bzNC5EIXqjM,24
d4VSCGzFRQo,24
OeGgBf7H28Y,24
e1I8Efethp0,24
0isHYN5XK_I,24
4yP2Sw8QzIk,24
DVgNOk_NswU,24
OCqw-aATOj0,24
e5oj9W3TBCc,24
JNmw-CyqW24,24
e0Jy3xx7ACs,24
Xg41HDSaN8k,24
tleIAnnM1mM,24
0BchPQNkGGQ,24
tdlebgkMjwc,24
Xa7k-cb89NQ,10
6Fri65dnPUQ,10
nHqmVpa2YTE,10
pEVCF79-SuE,10
zTHgbDPhOUo,10
lD59bmKM04U,22
av4PHvzq4hQ,22
QQeEWDogIzE,22
A1JEq8QTpdc,22
EYe-hYSkFcY,22
9tXL3tDwimE,22
Kt5r2HnXYhQ,22
FRPZU4Ns0kc,22
x3tofIIVs-k,22
NFRqb5T7qxc,22
ORB6idO9Udk,1
0PTV1Ai4UG0,1
USdN6lRkflU,1
sn2c9Lqw5uY,1
MHaZZGeoaTc,1
_YwWHITdibM,1
thCCa10Jo9w,1
PWXEgQhEjeY,1
XZuSlxvJJ5A,1
K9sGHAIVZVE,1
8DZyBW5TIBE,1
xicEximsl70,1
rw25rlURvLs,1
GrQY1swTKcU,1
9SIUszrM4BI,1
M-lFfLZNsRI,1
hoxPKXLpXGg,1
wmg7kfiGGVg,1
om355h7Qg_A,1
LVKh0Rfzbgc,1
MZie_sOurMs,1
LdGRP8vmP2I,1
Onj0ISxhQjE,1
n1HlrN2Qsyw,1
Xr2EeH7xU0w,1
hJaXvSncsH0,1
YOtdSASnHCU,1
jr5nJJmP1qU,1
cxQp_w_E6rg,1
wL8LYnNRLLU,1
WmxSAf-JYVs,1
A5XCp5CxtFA,1
B4Z7g8uuPZo,1
aSeJgiwiKWU,1
DnpFCFSQGvE,1
jvGheQ8ZdcA,1
64lJJt-c0_Q,1
VbTE9SBeKwQ,1
zbEp_s-ricY,1
7H4vzl_91Qs,1
6zKI56mdcKY,1
xhleMomotUg,1
-Cogm8tBYD0,1
MeIH0r_Zerk,1
keh7rjrs5dg,1
S8FN0_gAabs,1
ECwxXVUHv7c,1
8qlpYRk060k,1
pVGGPsXuaXg,1
UAHA1-t3AeQ,1
OPVbQEyzkVk,10
NenpdYVqFmw,10
z1zpeyHg3wg,10
pocJF9ejCGg,10
R2Re8_3HaAA,10
4sgyjuaGLq4,10
leGDzhRCnGI,10
3B79VXr41q8,10
IqsKvuENcAg,10
xFygf9c6tmk,10
FLGG3SZdfYA,10
IbP5VIHpr70,10
_XHTOJ2uwaE,10
FMB7uP0-iO4,10
7uw3hhmQf3Y,10
rMNE6XQcUjY,10
DPqg_0rlT3s,10
Zd1Flawc1-I,10
4zpLnhWKjpI,10
DOCBvZ25QWQ,10
eQZRVIiSJ7s,10
ovecYlDY3oI,10
iP0IxH1l08M,10
aQEl-3odknU,10
xdQVOzWX1r8,10
1P0MaGb4U9Q,10
xcO5ePwmswc,10
HjOWZhsVtSM,10
G3gIEbT_VJc,10
S1nHS1eUOQA,10
PyQDyI21x6U,10
z9lH9NhigwQ,10
DCnx7q8bVU0,10
Vo4eiEo0juw,10
fisFE4qlnwo,10
Yu6mVb3M-pw,10
j-h4Mtz2YNo,10
RNx6tRLNolc,10
PZ3a-8bUrjM,10
kqH7u7Xoa2Q,22
lPkwdTkkLWo,22
Flbwz1hz1Hg,22
Ki4ooUOLtqk,22
Cg5R88U87hk,10
1a-xDHSiVX0,22
fQTBem1blos,22
Tf9fM43ky98,10
J2Z_sgAe2fI,22
F79KlhOCoA8,24
m-8uPSpCNI4,1
RnRGYrW3S7w,1
qcwbYm8XnNE,1
PgMilvEipS8,1
0XV1PflqzRE,1
rO_a6nkNMlc,1
N_XzYm0esO8,1
VMm9o1AFLOM,1
GtQiKLkr_7M,1
imTzoi1_Q7k,1
XztdgqiFea0,1
IldT36GtbOg,1
O0yJk-6yMkc,1
tNXp91L-pjM,1
UFJ91POLbTA,1
a_I41_kBaZg,1
WakA1MftYP0,1
7fR1Jqw9lhc,1
RdRxvnZuxb4,1
jXAzVFU9K3k,1
ClpVYe8btN4,1
rRg1cSL9IpI,1
nOBC5Z0cpyA,1
O19wrfB9-0w,1
EYr64Bf8enY,1
cUG4YlfwZU8,1
woYQ_HzG4oY,1
mE931tAzvIs,1
xZTCiUGsax4,1
jrjNx6txRnY,1
ybM_R8Tep3s,1
8nRqi_bgG4A,1
d_vhz6AWu1I,1
iSXzzI86ps8,1
ylJhJH9y7iQ,1
703Mogn6l2E,1
jPAcih5CXPk,1
KekkEUZ3W1o,1
ELkCHUcxs4w,1
7WijoUqRsbU,1
3PTWFWx6xNg,1
FeM1aOOO5XI,1
uBQAS7c_vnw,1
-T5OhmjKmCU,1
R1fHH5GlJCw,1
FCovqu2QQyQ,1
08xIn_nnsbw,1
J1xfPBKTZrw,1
lWC-lhi8dHE,1
0mjB1qJQnow,1
2cUFrUCl5p8,1
HHhTGzO19F8,1
jgcbKWqm9JU,1
_1YYrsGuZNc,1
H5AIXA2REQE,1
nVyZ3Rl2NEk,1
IJogUxLvnNU,1
F62Nbp08LOw,1
VMCoI2sPgK8,1
wnMCgWqc5vo,1
3TaZI101x4A,1
Xk6GYlts-_0,1
zwGLpL-PM9c,1
ckWg448dmOE,1
lgVXRPLE46s,1
2qQE3oTU3Vw,1
pCxlWC2GltY,1
A_4Wll_egc0,1
OsmB1F_cC28,1
Ai4Ys3odN30,1
Mjwe6C17Oio,1
tJrdCjd_8-o,1
M7KU8ZBjyp0,1
UCjjsHkqyj4,1
fwJLe4j8Aio,1
CF3mycXt8eU,1
RqE5nQhcRBs,1
5ASpFepFGf8,1
bFj1vwZgu3M,1
3HuY6p4_AOQ,1
fmsMiOqIoMw,1
KP3eN6yqFUo,1
llB1m0lfP6E,1
B8uKPoWYnhg,1
rOyZI0uZK28,1
vEfuWz4cvFI,1
f5o3SeWCOlk,1
MnybCrxlNvg,1
EpiHCUtnXAo,1
frTTFaKx0Bk,1
A9JSToq8HUo,1
QfRqi6DFT2M,1
Etx51W42QqY,1
vaAHWyw8fEM,1
Ku2AV2UQaJY,1
TKXx0gNL4Ng,1
f46hlxxr_Wc,1
FFncb21bF8s,1
OwSO6H-qvZI,27
MSmumLDfduo,27
Z45FJeoKO1o,27
tHVDmEwflYI,27
Op1oh2-SciM,27
kcVJDYcwPLc,27
h-3NS1nkSKg,27
UCp0frXm7P8,27
z7trfO3OEV8,27
_O5dGE1qTQw,27
YquY214tN54,27
4Eiu8Qt1gag,27
pPxezTIw23c,27
WzIIElum1Q8,27
2ra3QR0gxsc,27
lEXupwk0b7Q,27
JJX0Ip_1U_c,27
-qyGpyp5juo,27
AtYy48Ni43A,27
6V3sJemfAVk,27
NzhqiHuxw8w,27
JgDlGgs2_Zc,27
-5lt2_kMubA,27
2tWr4Cxhw5s,27
hD2AWoVQipc,27
0jT_IHf0r_k,27
b44hK8WvlQ4,27
xMs8jBPQe_g,27
w5b_1WM4LIk,27
CUt9GPxJm2Q,27
CDaZg1JPukU,27
sJs_nVzhRyQ,27
9FP5FeexUjI,27
Qicv-fSzxD4,27
GRtAkyxIQeY,27
uW_3XymUExw,27
_CxAhmoXTj4,27
TmhJ6yM9y_c,27
IA6T_Lb2fx8,27
wjs9ERjU9KI,27
AgccCxaWhoQ,27
FMZgDhn7c90,27
11hX4nPd27c,27
eO9RizYUY8I,27
eoHG92ofyuU,27
rKCMhHNvaW4,27
NFu3dxHPw_M,27
aMKGFHi7bTk,27
8Dq7J2aHqR4,27
_iGbuYGJXjA,27
cH8iaqL5ooY,1
EkIc4yieYcM,1
cFT0nV3EGlg,1
2v3L-oyL7EQ,1
tRDnkhQDYEk,1
eBuHcrck1ZI,1
z76O_fNKNv4,1
CmB2lKpd02I,1
K9Lx0CU_-Iw,1
i8Cr-kwA1IU,1
gtG-y0U-Ztk,1
Lc7Za_pbzp8,1
2005hFqXTOs,1
oqBaLvH0xZE,1
ZukeiMt7EnU,1
TOsSzznB0vc,1
xghwKrf_zEg,1
cuTQlS5KJkM,1
qIff0_0uqco,1
khgkqcNWUew,1
JPI8IBkwpeE,1
GMjUWjWxkOc,1
YKORtf_RgPo,1
kMMu_fe29GM,1
WQuGhMYJudY,1
wt_6vk5d_3g,1
xq6ytQT4Rh0,1
ouVBZNGKV8w,1
6sM-UIQvZg4,1
MhstPAa5Tsc,1
ZrbvF2x5seQ,1
BxtQVDvhe5M,1
IFzk9D8JnYo,1
Pdx0P9lIfcg,1
WiKpAZ3o2Q4,1
iMLE7EJhpw4,1
MR6uFdV4vRc,1
m-CJsiUIr3Q,1
oTPYm52NVuI,1
Zwi-uFUx0rc,1
wRhS710TQsw,1
zjzU8l3jOGM,1
9X-O3sTRwnU,1
bzzX7OVUiZk,1
qT1cpYn46t8,1
OjA1QIgXQng,1
g8luv8eSIQs,1
JVRLPC2hwx4,1
fXTIByjQvzE,1
jfrW3_Wut1I,1
lJxc_unrXvc,24
jPVKmxq7trw,24
ic4dSZLTUw8,24
4Kq0-ocH92g,24
hEctPeVoLuU,24
r8gyfvMdM8g,24
-WUKXCuJ4pQ,24
vf7RDxiMQtk,24
NtBf-6_AMcQ,24
ENSvwrywa5s,24
Xb9KANjh-Dk,24
hJlAPgnK-iw,24
_qttodvKVK4,24
kLPkzREDh8Q,24
c2yjVNWVNtQ,24
FvtI-hm0Iwk,24
jbTrh-bXdZg,24
x9DquMMrqGY,24
WA8LKDMNa5c,24
WzALRvO9W-0,24
Ma9-QeAcEVY,27
gGIJuvR3NhM,24
wg-IlVwP0TU,24
o4YwSbN_8-g,24
9zZh-gB1Gz4,27
tJv0F62kHxs,24
S_9pyDfzujM,24
n5htmWXq5bA,24
fwZGv4c-aU4,27
LqWyFv2gTrQ,27
pLtn0Hyv4Jk,24
60Fe8nuZjUA,27
k23Hg6KCOKM,27
81MHXf5qweE,27
EHmDD2eNoYM,27
2MszRQzq3-8,27
2seYv3j4jjk,27
eyOeqXPRdAk,27
grHQv4FJjzg,27
X5Xl5WW_TVk,27
leBZhU2ifJs,27
9L9rV-q4DRI,27
XYCGOJvduFY,27
MT7B9jD2i84,27
ndhjTyJoc9c,27
muR-zWJLP9I,27
FULdv14vXL0,27
8FHO6YrTzUY,24
kSAWCBpckJ4,27
N-a27BUghzs,27
jQ8zA5d5HDk,10
YY-mCJNP8Zc,10
VLuEp7xn-0s,10
fDD_Z6GNRHc,10
WzL1gP8g21Q,10
N8Uf3hCNbTs,10
xOCvz8Dl1_w,10
A_NOFkQf_9g,10
wZ3onUmoMZw,10
kClfytbwjGo,10
1rYFCwLCRFU,10
81c0XualB64,10
yzvyq3sIVvk,10
92uPDxXoH_A,10
533BWWI1w1A,10
m4I7JoyZZnw,10
92mmqUEmJsE,10
ZYUMcaaYMV4,10
36QHX8Kk04Y,10
05wYD8XMe1A,10
TMyoAZEFqeU,10
jqJ4W1_sezk,10
d4MBfQ4E4OA,10
w2yR3Lc_-2o,10
fh5-KnNpARM,10
WScLuiPI2g0,10
6EX1OSjQSNk,10
EPh8Mozj3b4,10
AazjteLU5rE,10
70XJEIGqAdE,10
1iBK4cW9_jk,10
kNKxnvDv65A,10
uMEBUR0-ZgI,10
dQAXypBsNbY,10
g8EywMV-rqw,10
KXCNOR5sIxM,10
KLvOzzQnrAY,10
HkusajLV-vg,10
fXeS5H0IOws,10
zxJCzuIPyHQ,10
kpGJBiqod6E,10
fH-NPIBwNxM,10
O3XF2ARVFxI,10
t21PyQeUTlE,10
kwp0LM-oAxM,10
EMNCUR_ACS4,10
LF-3EPbdlaY,10
qv3BDRynzGE,10
zXFncn1ydqg,10
xMxaEU4rizM,27
3Vk-0YydsRI,27
2Khxl5V5Hj4,27
XLXv5oX50Ss,27
cTExxZsLdj4,27
w49E3B6kz-8,27
9_ojTvPTFYs,27
TQSntKPpSTk,27
aWAEWoGDIaM,27
Yr2ud6rZJvo,27
JIQYDVFsg4Q,27
mjFl5sHBNDA,27
C3P3OwF68Us,27
C7TJZdCqzHw,27
oqlrVktBh74,27
MdJSj52yWxI,27
15FDLNFObhQ,27
NUzc4_YbCIM,27
CrD6WF62xF4,27
DmHaTg8TB5s,27
EPgUKVAYAJc,27
1whGRgcu4Lw,27
EWCQcJQVaEw,27
Ig6H_n4fieI,27
vZQk-ivKgNc,27
ts8FYGEOEFU,27
Czt4_qXCL9A,27
jX64nQuf3dc,27
cr4E-iq9gxM,27
mo3zypWhJ0Y,27
LV1D21_3uJk,27
gnr4qTCrJNY,27
t2o7T--nsu8,27
i40XRLEA1qM,27
WGK1SI4e4sY,27
Ta7GG5ZMtk8,27
Zn6AhtrlSdA,27
rtIKLC4d2Ts,27
iJs0oSy4EyM,27
-ElTy-CQTqU,27
mPW8unI3c40,27
xOiHDleU6B4,27
knvFsXEYxic,27
X6g2w5Vqhg0,27
tn04AnCZOLQ,27
NPGlN6d0xpI,27
yE8dIIdHgyM,27
wjA4_dTqr6E,27
V2Rs5PLe1E8,24
S6BQeWJxOcw,27
mf3PeGcpIyQ,27
QyvK395NzNQ,27
XhCHLxwKmpw,24
tmy4_yhxHSU,27
DKBTUD-phoI,27
TJT-vgO-GpA,27
ogYBLYk34Mg,27
2tXDRauwiPM,27
75DJHshzyvo,27
CkcH2O9VL5U,27
TK3fNBbGlAg,27
bANHFBPyBgM,27
dw8Ou3KhtdY,27
9gHsQDh5em8,27
phcZhRBLxZ8,27
XHrJvcdgT-4,27
g3RbuUGkm6I,27
_EOBi0UK9Z0,27
mgNIhdGyjx4,27
74RCAhEnTT8,27
Zb1r3oRwjqE,27
4Qop-Web2AM,27
xxk3R4s3hfQ,27
xaUX8RzAF4Y,27
Ivi9n3EF3Es,27
Ey8aR2pyEH4,27
aj60xWBHJxw,27
M5Byww-rz-Y,27
Cg1V_qPBSrc,27
nLLA1JzrSvA,27
Pc_LPWl6HM8,27
9Yq08C8UIHw,27
poWI4n59mwc,27
k000S_q6spk,27
8KrPCsTKjjM,27
oqi3IaA5qRw,27
3e6_lp9tY74,27
osKDb8v5fik,27
ls31mAMFuFA,27
8f5RQSuSmUc,27
eHyvd8XPfTE,27
oPh3_k1DXPQ,27
Meyuey0_kHA,27
gSS1Wp_XV94,27
3Mh3Y9Y_jpM,27
XP9aM_PZ1F4,27
lirgS3ilmnY,27
-6pmpiEDW6g,1
zQmuKrHRoDc,1
yg6ITl4cWU0,1
WNnFDz02b2E,1
Uc4gKOUIEYQ,1
xBV5bidt3yM,1
cQXSr79VwoU,1
3yUcmSivVac,1
XoRLucvabRU,1
JFXXFTbRUYQ,1
4YzGvYAOJTk,1
qvGfx9deZHk,1
3fnjuFdeW98,1
9gSLPegQyNQ,1
Wkqsxyxm190,1
5qYUfgRS1PQ,1
nMb2blyPbC4,1
OpAF5JBJ-Tw,1
dAnYZ0ZzwxM,1
iK0j8etrn6U,1
FFs_U1Jnfqg,1
1_H-4mHnOcE,1
jiWktrI5hsc,1
7WAB0Ovbg-s,1
nFQsVQybZDU,1
WkzjBv01yDA,1
aCfzGgGp2A4,1
dskeK7e4FvQ,1
IwmYqHJkVxs,1
RuyOc7mhp6o,1
O6KD-t7la1E,1
W36XZM1-WiA,1
v9_OVkvQ0i0,1
50h_mofwfuE,1
gP7AlgRKqTA,1
Z4h7qafdmoQ,1
n20-AH8iVN0,1
8K6Ua09TEUU,1
Cq9jpTwua2Y,1
7DcWqJSrtdw,1
Vq3geyQP2-4,1
X7WEJ5yOpQg,1
BZ6NFHtR-M4,1
OPNFmVRpruI,1
AVS20MjvXFo,1
-UwHJCHrs3g,1
SHNuRZyj0LI,1
c5J9teAQ6qE,1
Tr7FcIvjVc4,1
DGgp-dmPxfE,24
XWC361jvF_s,24
nMn49B5qRO4,24
TiOuqBd2h2A,24
qt012vkwago,24
cPgNsJqOZv0,24
8sY45W_Lb4o,24
AdF8dXqqkV4,24
feS-WkQOxpI,24
QvdU9yRGolE,24
-eB9HsDgtYo,24
Rq9NJUH-RTc,24
6vydwflRqBo,24
BqKhXNdjJ3k,24
Ylw9pW9gzDc,24
qD4YsfTMfzE,24
GxmGsQO-nlM,24
iy_KykLhwU4,24
KvVCRXr9Ryo,24
JPLhJvVusf0,24
ouA63eGSFcM,24
lMQ0jCqsysQ,24
CNRYX1dpQg8,24
DtQMwQJiCis,24
nc4S-ew4TcQ,24
17Njk8zTR34,24
m7NNlPCEIMA,24
NjkdHWx7aOc,24
j7S_LBUCNas,24
yDTChZTCyh4,24
pWDw9jOx35c,24
ocX4ip70Fog,24
I0Es4SPTTr8,24
insjez4fZSs,24
HXFf4zDAA1U,24
6l8W5FZwNPE,24
Zkc6-OFxwu0,24
H9YVcOgP0ZM,24
Wm_E9CH8P6Y,24
caGT-1KmqiQ,24
_sGDLu5FXaY,24
JUETrRuYSBw,24
Q1qIM8HPTJU,24
y9xGNHejl-o,24
zO0PzjDvPrU,24
VsKNV0kLcMM,24
bZjfikZ4lnw,24
5ueXPaqLC78,24
E3d45Jo3rFo,24
qqqi0jzXS1A,24
wVbwrnbtZx8,10
hmXG-UbXWjU,10
ILWOAwKunXc,10
5PyZ86q5vXA,10
SpH_QCfglVo,10
zJT6tvIhZu0,10
Oe9MrrsmHiI,24
4ow7FiEUqxY,10
9MUHxnqM6bo,10
MgAmY_j2Vo0,10
mqlA7RI6zwk,10
geuyBM3pqS0,10
Sh8hbT5PmVE,10
h7vOlvK6BkY,10
2geMbAjRQd4,10
X2rh75bNdsA,10
-VHqq_zt718,10
JYeH4STQy-s,10
MU4E80eJbro,10
ZFNeGtZeEDM,10
jmn7_9BmbEk,10
T90g06_5gIg,10
CKDM3tmS0UA,10
N6s5qewQ6-U,10
ENDLM6Vg_qI,10
obTM8LQDtLA,24
NQ4tIVWD0mI,10
5m7QCugx-Io,10
LeZcdVKsEkI,10
NG3oJNcjkMg,10
9AGrAGsh6Nc,10
BIujO2tPP1Y,10
kQbIMhR8tms,10
BYafcptxbEk,10
MeNO8J4-oPY,10
mp0kPHjsU7w,10
0dMjOrSCCoM,10
Y-BUbAAaxgk,10
g9VG19NOD9U,10
s_HWZYS58MA,10
BDszFA1hUPQ,10
7tuDmIpDUVM,10
4XZEZlmwdDE,24
rXI1lJuvZrk,10
yi5nRSXzAu4,10
oV1I3wQRmKM,10
Lx8fUyRFWvU,10
gQ7EAI43RhI,24
z8qaTgd1tZ4,24
i7w56IDcxm8,24
Tz0s1JAgqU4,24
952iCtlOlxY,24
lNdgNF0q89A,24
cOtSvn_uvs8,24
5comre719Dw,24
tDumragu1Mw,24
zN1li87TvkQ,24
x517t6YRMOA,24
yEAk4QzZ4Vo,24
zekmYPc5Wyg,24
wswZE4gD13I,24
n4572MFtAts,24
qyZfwjrBld0,24
qlBQflMBGxk,24
lv61442Eef0,24
hmo2Go3O1zw,24
kTykSUz2VyQ,24
V5g_QnCMo4g,24
QZ5GyZdeXcg,24
QQHaz5HzQbU,24
espRg39fT1A,24
Rle4gMqRvRM,24
RZ6Se18nJ3E,24
Db4G8YGMf_E,24
EzURIZBsGpI,24
7Sp_Ps1O89M,24
9Y58CGoN0Hk,24
DlWfSEUbVYA,24
B9pZ5YZ4CoM,24
6YXlwMA2Wl0,24
1lAvfK81BF4,24
YDPYOZ_V5WY,24
_tuWq0CViGI,24
R5kzjns_fAs,24
iDrEQSTUFuA,24
oSpsp7fYAv8,24
rFShqjxqcIw,24
05D_-esbKO4,24
jvRZCyR2zw4,24
m6MlNoWYfZ4,24
nzHPditXWNA,24
zPz_ST7uq0M,24
U6WX9Cy6LZU,24
tuLQ0NURGcM,24
i6_gM6fm274,24
Lglz_8k6wz8,24
XOfI4NdzR20,24
eJvBSL3JvJo,24
KM7COtylPas,24
SP3DXWGwZ1A,24
miUUC_g9w98,24
TTksdqF0Ysw,24
biPf5El853U,24
m_TKVHmVtU4,24
y0y4qnjnioc,24
PQsuiMU6txY,24
7zqY_WaYVSI,24
DxMEY_bHCJ8,24
OyyG9qHYumU,24
czrydWwYH8I,24
mh8gzeXtsKg,24
9rObgUR9WGQ,24
O-qSPT5hseY,24
TwD3pzWGq1M,24
md_GQyju-58,24
DQs7PflypjY,24
UCVcYNVnEXw,24
KP9ScbpMrHc,24
r-JydGJCqLg,24
4teIpVzf2M0,24
xezJOqU8yBE,24
p-ALGqg2Nwc,24
PYBqAI5Hd-U,24
FrzjYmXJA-w,24
MZ_IFNRUytg,24
CYJKYv6dew0,24
3XdSOWvg8kg,24
pXJwGNiXXok,24
o86Fwx5qoLA,24
BU9VyUqoCD8,24
7VAe6xPiggc,24
jZvULjuIdWA,24
nB_-1-fGjuU,24
3Cv4CO15wBk,24
ft5YcUtHr4k,24
ypGxEWRp1_4,24
EezVw3VQJ4U,24
T175Jyly7Fw,24
uj6o08ogXZE,24
VN-e7wroGc4,24
IBSk3gzLZAg,24
67qSwlk9igo,24
ksSFiMNth7w,24
NHnXRvlM4i4,24
ZLaALuGwVIE,24
Gc01K2ojMhY,24
qc9ZV-caxsY,24
A8JeDZJMLMs,24
z8d4Cm3pS3c,24
N6JVD-iM7BY,24
tWMNZH17ONE,1
03_qTi2lIBc,24
f3kPZglwGK0,1
hNxuTKA2mmc,1
aNkL22dIeHI,24
BQkYmm1rQCs,24
f_4hj3-YbPg,1
dBnP2ZBBl0Q,1
g3UsxAwgWHs,1
QzVjODboW8Q,1
LKjSxHuHkxY,1
2UkQ10UPm1A,1
XUbRtsa4k-g,1
iNEo_MsLiQE,1
CrJk3BgCaC4,1
fxbMYv9hmME,24
QcdjkymG5Vc,1
_hz8ICAA8ak,1
doVDO-XS_qM,1
wRp0JgQABsY,1
qZ3mN3gYH5w,24
Ta3PgPlZEsw,24
MyUeqHW5Gno,24
PMwVdF-lMZM,24
93SrHWeLVis,1
FSzHbmAPqhs,24
w6xiO29M8Ig,1
zGLQPcUePvw,24
8rd_WVfyivQ,24
nwOFcEKlnGs,24
TGDWKE-DqDI,24
-ehYPu1uMw4,24
WeDAIhGm_cI,24
ZmIJmN8GeGs,24
Ac0TXqgoAqQ,24
8go7qMq8dU0,24
VSRTaHfuZoE,24
U6UXY7R2M-w,24
E0mo3cAu3H4,24
ZmWkZc9JBgk,24
r7nsXNOxNA8,1
LI0wztWKV_s,1
HwUIWDnczeU,1
OHNZcZ5gRQk,1
Qlxb1gH87Pc,1
1gtZMeocm1U,1
JY4Nf3JulpM,24
ZA0hf7HITFw,24
4ve0utMSMlQ,24
4cA_tdQSfKI,24
Baj6y6zAFCE,24
F5B9Li6R7X4,24
GGmFcyctfAI,24
0M6OwpIwr8A,24
7UWXttUoDtE,24
wftbHUsVWqU,24
da1GnAybd-Q,24
Hdv-u-EhC7Y,24
-y5f4tJfQlk,24
LvZD7-YlMqc,24
M1aNRumqIqE,24
3ktJyQmds-g,24
O9ma5toIHR4,24
k7eO4UALqhM,24
QOUAw-0d8ok,24
TzOWQXBiN4I,24
bZzpkO3jgsA,24
vSwNhjh6ddI,24
l7zgMRnr1mg,24
v7Otn6ycbvI,20
Or1uywodjeU,24
nboh8HwhcUM,24
Smp50MXgQzU,24
LPnrCGnfU5k,24
v4MUYTFby3c,24
meI-88hPQEM,24
GVW8fu0Qqv8,20
XUgcPAxHCeo,24
Tgww3KMJISo,24
8GtIKyxl8ho,24
ep7JnN8sueE,24
ZU9vzmX3WX8,24
rW4mFLTX6ew,24
HM8tDovp_CE,24
Z28PTIu-h4A,24
V_K53HtZzPo,24
LeavNxVWqwo,24
xjp3h_XT7CM,24
Q2yeYQdu7mU,24
joV8dpA-mQc,24
6w-93BTL3oc,24
-HW482w9rDI,24
ITNWpxS4MDw,24
saFB8R05R5k,24
INFvXjo6uKU,24
qgHMz_-YYic,1
JEN2zYNvC-g,1
kDXBHr6V3n8,1
sV7g2gLz1A0,1
QpUcoh-6hsk,1
RBAuJy2VXf4,1
-BUJkwl2mkY,1
j7HAqb0gFPg,1
4KB5uIrn1Lc,1
q16v-GxuHY0,1
KZzNfhe-WPc,1
d9RLntmarMU,27
OAnxbw6bXgc,1
exqKnOMmqDY,1
e_pDQ6uv-ms,1
h8pK05oX90g,1
FBECbkpgePA,1
D_-OKSD7aRI,1
IuNddc4uMM4,1
6tnfwGyZZxU,1
myAmOhh6oFo,1
1_wxRJsLDM8,1
-vUdaSSxjEs,1
0b3F3Ka2BV4,1
lIl5UPEYUyA,1
8C7eCsZESbQ,1
_cJKTAw7FwA,1
AWLG18dI7co,1
txBEBNAqwLE,1
Px27htDnATY,1
uUdt-mfjEyU,24
B35zcbL600E,1
C-c7AYiSxUI,1
ED8OjW65KMI,1
acZI1HE8P0o,1
bAwGnMrqqGA,1
bobIdeZZEYw,1
73kxLcXDpHo,1
M6gZw_RqBhA,1
9T8BdvDl6Kk,1
oVJDTJallmY,1
2ua8_PYlD24,1
9kfMiNpJ1uc,1
9RejU2v-lKQ,1
ICmKj5nOMP8,24
_XJ9YRiOvPI,1
0ordSZoJA68,1
IEwg8z7IkYc,1
1WIpe5oZ5Fc,1
6BU1wWO41w4,1
A0CfH_y9hgU,1
rcOvR70aY7M,1
YTNfbEyZ1bM,1
ZXhgE5OtNRw,1
SE5nwDZQVOU,1
dtwZhxoCvTI,1
_fodNsAql6g,1
bayRK_05dcg,1
gjy4tXsFGJ8,1
4jHNb9M-HHE,1
8lAyEqsbd-A,1
nu0-BsJcnr8,1
OxZYJM36w1o,1
OV0yzuj6vZM,1
_EDOIyIPIgI,1
y30ZasF1lZc,1
DITa0vuc3VA,1
sR9Qsw_GgDc,27
chxuPkgzUIY,1
PDb1uciINhM,24
RmefLni8Jyg,24
P6n3VZR9xSQ,1
b71sHpFuatQ,27
5bFqSE98_d0,27
4E_7M4PR1vk,27
_q9yA7YsrVQ,27
LrZb6XwJfUw,27
2ROSQB3MotA,27
NngWPSUdkCQ,1
xkXrZqLo-D4,27
ymx8KFXzegM,27
BjJUgeCkOKQ,1
5213IlvC3UQ,27
wRU_Inak4_8,27
krvlraRz_RQ,27
Sra1LvC6jj4,27
cFUFc6cdXiI,27
PjeupmkD2iU,27
zjkigETvCsE,27
INmlAKvCM_o,27
G6q0pPcSR70,27
RY8WCcriB_Y,1
coLudtqVMPc,27
lmoZcNIWwgY,1
OSJIa2KUm2E,1
1VQoT4C6FIc,1
12hwzGPpYCU,1
41LvHthFIxg,24
avyZ67cRZiY,24
JedkRl0Ve6Q,24
03QGLlBTSis,24
pYU6RXFxu88,24
-em3lmerUFQ,24
-oWCSs3oMKw,24
3R8wXPcWI8A,24
uc_iX8Xvg3o,24
qTwtWSZ3GqI,24
RumPodshyR8,24
Ce7WYvQT_m4,24
5EfwHEU8DCw,24
Pbc5UYZZzFQ,24
rxwwLV5DivU,24
WvsG71CEBKo,24
0hZbrG7ySgI,24
Ww-TwfFWRAg,24
NXcIIvFXE6A,24
BA6jWi6sdrk,24
ij2BR7CWE94,24
Lq4tmVUVIms,24
uEmov6raLpY,24
PGmuhho6JLw,24
jd9Sg8wEPhM,24
fQTzu40tFv8,24
K5lcJQkEPAA,24
d4Nx1vKp30g,24
2kjTMzlXloQ,24
Zq95-BN55W4,24
H0NoOMUrwSs,24
YsSnAg5YsPs,24
AqEhQvsVeBU,24
_BR2WnlTaqU,24
0xMSrh46H8A,24
88W8ZE_HRmA,24
OIyMCO8HfXU,24
Xi7yxmJtOgI,24
7Q6GATkhUF0,24
-W2UVt7xMnI,24
SLOghZF68xk,24
_bw3Lr3E7mA,24
AjLT29TeCxs,24
84plDQIOgYc,24
XCCPwKkIMiA,24
HDAGF1jwpz4,24
2kX0OY8HMzY,24
2hJWB2pdH6g,24
3Y19puAPkQ8,24
aIFAYudo03Q,24
G3ipRnc9T6Q,10
5RVFQyP2ITY,10
ITQlf43gsgE,10
PoV69bu2p-8,10
uY1gIeuYp90,10
5lIrg2qfGaE,10
5gsF90I24G0,10
y9yROjpBhZw,10
qlJkT2o_3TM,10
LNdfN__R3Us,10
5LT4UJjpETE,10
dDN9S5nX3Yk,10
kIkC_lTiVUg,10
_be8qiDj5Ck,10
-PdGr89BGoQ,10
2dHPiHqrzvU,10
2wprWvwkgP8,10
5TQy7d_espk,10
8DbaiVN7t5M,10
AzbBBcidYk0,10
BgXcKwvl6e4,10
F2Qc6huLqCc,10
MWnreABATIU,10
QH5qwnE1KII,10
QdO_syirZAg,10
foeJJkpoe1M,10
jiWVy9n7mEE,10
mdGg4QacCiU,10
r4fcfw-4DZ4,10
v0YGr4NGLNw,10
csQ8mLZ-6qQ,10
1mEgchGDhzQ,10
FmP4NQ9Cu6k,10
JimV6vVbYTs,10
OmX5-bTunS8,10
YzPF0bQSfOM,10
m_GH9EISpKE,10
oRZ1TN1e7Iw,10
tMTmS5unqTw,10
yNgQ884KFF0,10
McQjGQAJFrI,10
cnd8yOVfhp0,10
lr3OD-TsnBY,10
26o6I1bDUqw,10
6AfHlDc7W4s,10
E46Chh3fUY0,10
F_1vA4YyzDY,10
2u0TtS5rQLk,24
1mQT915st24,24
7veC7KzN3wo,24
Rpy09AqznfY,24
WyOlCObgvHQ,24
qOb9uo6HXzM,24
Zd17IVcL1jg,24
MB6cwTJOJUM,24
RggKiaDHnEM,24
EgTPDhI9yxA,24
7R-VjpKbQOs,24
YGX13K2bIbg,24
-pmkhTnXAM4,24
TinqKtW9MN4,24
adpA8kS0Y_U,24
HctFdVKHpxc,24
5xMoE8qozac,24
-Bc-RscYbb4,24
QwkSbxL-184,24
p_ya3YlAatk,24
sHwClYAN_IU,24
3DJM0kIL6eM,24
M9t1thvzM-o,24
jXfce3A83DI,24
eZ2Au2-r4vo,24
K_IjciT-Ax8,24
wwbwzcVTG5w,24
4kUuglpbxfU,24
ZCwk_fXRbDc,24
YopVWOWcG3M,24
f2cNJK4cqoc,24
E6qb3ydKkQY,24
opoDOPpajMg,24
Kym13ohfHc8,24
BaniGjNgIJw,24
8Hh4s8mNHro,24
Am6VRYechUY,24
QIcepvFgzfk,24
o4hW8v07XXQ,24
ZMamw7ACS_s,24
_LW0YYqbjbY,24
bubfg0jZdzM,24
Kk-qwTFsDGA,24
gWS1Tyg1S-k,24
U0SYJgzvDXM,24
VIQmHayVpzs,24
U79mPKlVg38,24
QiO769UhNjc,24
-vGcU9JUNQ4,24
vfF8BZC8pZk,25
sJFYhCbmEOA,25
RMRYN36PAyc,25
MZbJBEdG7dU,25
rbmF1qc5De4,25
aOJudhT0oXU,25
G6HnacUjJhI,25
1Ll1EvY_gME,25
a3wcRWHW_0Y,25
ZOQvzVh0zbs,25
A3MZ4LEgKqw,25
DmKXnwq0hFw,25
-BdeKknDCco,25
0ljvjd2qHKE,25
6CHe5xAns9k,25
G4dHEPyjPB8,25
AxiirnDKuyQ,25
Xtc89NkrhYQ,25
FMJD6njnNQo,25
h7DgiZ8CIp0,25
YmweYAvKbyc,25
QThCIq8kPKk,25
i-4eJKAPiHI,25
YfWpgQWayro,25
MHZvKM3UX6c,25
4DQmItxRta8,25
nzmmzt9A1rE,25
_rQghpOvzsw,25
EQ6xwll2gbA,25
pr8AhrweFl8,25
4JUxt-TaYYo,25
kDUAAabSqaI,25
4qqSds-rYeE,25
B7MwTKnYyxs,25
yE6C2CZ0pFg,25
veCCC0juXMs,25
7z96cPtJKUY,25
cTa4-FiIQ-I,25
Hb9NIv6faPo,25
F7UZvaKEtp8,25
-OC_bdWqjOg,25
bujvWu_KVME,25
wyLCeoKNGEg,25
VcFyCXUEvDw,25
ZB3JpOtxWro,25
zfmfJo6yf6k,25
GvA2XacSaRc,25
lix0GdIJc1c,25
uSu7ZMvQdR4,24
9kuKa7OigPU,24
O2te2ATgyHQ,24
SS2seOzHors,24
6s4ZxodjJmU,24
5EqTI2pCZ7o,24
FR56uciHefs,24
d5jf5ffaOUE,24
MlkU3KWMtYE,24
bdHwpYL6Wa0,27
-NOUl2HU2BU,24
DdVD-P1Kzpk,24
h5hJp_sv0Os,24
3bJshxt-Myk,24
EOd4D_z_1Pg,24
lCtOovcFgwQ,24
DTibaqqKD34,24
RYrs3Z6Ppvg,24
vbPW1x4E2s0,24
TR_24Arl6BE,24
Y_gx9DDpwnM,24
NHPnqwzxnPQ,24
qafIPNsFFEg,24
jDSLVHTYSjs,24
LapgZYjBsr8,24
WkrKRBInmZQ,24
2auVv_g-QLU,24
jj4I58Vyvb0,24
Me3-EkIRv38,24
mY69ZAZ2OWI,24
ZTJDSckMsR8,24
YU6OJcuFMz4,24
3zzoAu_t1jU,24
RnnuQ1trA7E,24
ldCMdke5ZeY,24
WCtGxeBtNTA,24
E3wD0305GDc,24
SmTtsUerYcU,24
w-Z9-E1U2Hg,24
RYHKv_F2eQE,24
vBagK2WGfQk,24
nHQpaS-5E5E,24
1jXbx_hVVfQ,24
XhyYZTtsNfw,24
lLcTj_0oNWk,24
dJfViy44OXU,24
DjL_J760IMM,1
o1T6DrVv6r8,24
_OO71hnMR44,24
cfq9JZdohnc,24
mvjtX0PDL1k,24
1h9BX1dMI9o,1
vlGHqxm-_4s,1
G0-FNDk_yBU,24
kYpPglH5WWE,1
FzfAZl6zick,24
7A0PlqXas2k,24
Jf1OF5PpwoM,1
gsryKETLd9U,1
rdln6g0wKBc,24
p6aulrvHICY,1
gkK8OZDAwV4,1
UDf1_9EzBHo,1
KPhZg5PSe9I,1
MXqLXo6MmNw,24
f3qgujbKu9o,1
653WCQrBJVI,1
mzjosgRJa9I,1
1HCz6dZWcGU,1
hpzVO2D8vUI,1
aFC3UPE1Ukg,1
U9Wv9N4omFM,1
pUJUa-9Wb3Y,1
c2v4__ACo0k,24
wqc2GQf6QB0,1
vKF0io1EiHg,1
HOdMeIT04Qg,24
NOrqcqHjfHo,1
0v6ectSnPXY,1
DmKZ8F5bl94,24
zRrPhOmKsB4,1
9MStRKyTEFM,1
KYKfaaEbMv4,24
D5NdX5XWFkM,1
L6-OjFtyfyA,1
m0DismUn8CM,24
agnSA0LYzAo,1
JZPulzvqLnE,1
PSJgK1aH3vA,24
cF9Ff5AmGhA,1
jMhSpQwttoQ,24
-kfn9Hl7KYk,1
ISgunwXSRj4,1
ApGLUncslOY,24
4qfNsraH0gg,1
8qpUO9G98AQ,1
vZnGs3F3WVQ,24
jIbWZonBGoQ,1
ya1lwPTfHaI,22
dkN0bMHUr3I,22
4aXH2BBIwFU,22
NK5jSj6hnJI,22
JbWBgrXV3hU,22
idnjKmFlDLg,22
F-QDvqttSr0,22
m7huxP4tvwE,22
I3hdIt_od5Y,22
V9ICcuIMBP0,22
e-0bVSX9YS8,22
B9LUNBVkGDc,22
6NqbB79mVyc,1
X2wJtjL7cc4,1
ALhFLbdpRuA,1
SQumLvlPY-E,22
CqB_w-65_ng,22
DI-I8CbL0co,22
_PXnuRRUjfU,1
UXjk5G9nBjY,22
mdIYyLYglcg,22
79682hN-6H0,1
iaQ4H363cbY,22
in29X-a_bOI,22
8rpCpfEOgSU,22
oPPxJpXwjjY,1
xceR1V9CSRM,1
vMQr6_kbxBY,1
_m5Ijgcw3Aw,1
MMW0nOIHve4,1
QUJDbZRDpPA,22
4k_iGBOFHzY,1
_uUuO9TTNEI,1
0L27g44xtA4,22
RpG7Z8rG-sQ,22
x893RlXwVlk,1
gscrwg_wZf4,1
6OyQrN_JLPo,22
pqURZjlzXEY,1
wKV2aZXf7Uw,1
2OQvzMlCyY8,1
iOz01q9eXQY,1
g5qgI0itLLc,1
-O9AbayWaAI,1
pIkQfn_jYEA,1
CPPdEvUbUB0,1
h1oRgO4Gzqo,1
-qb99zS2Tno,1
M1fZx_25GFU,1
r_MJA7gexpU,1
CYDzH-iXOPs,1
dElxfmifUHA,1
a5ITm6LGfRM,1
fgoKce8DYGI,1
40iaggshqO0,1
1cPlN2q55mQ,1
zda2N-UMw1Y,1
LKU0CAp9BDw,1
xhHrmS8pXsY,1
oEmyONEGCzQ,1
hd15oQ0qFuw,1
grB761Bnzjc,1
L55t3axbntk,1
1HVG-qSAkt4,1
oy7WU1pwQNE,1
FBwqpdTwK3g,1
ldhxH6bxQtc,1
xbVAlqcXwlI,1
EIujWkbgwVY,1
0h2faIvRxeM,1
FxahZW3Oizo,1
qYTMhwWAg9A,1
PwWEl3VtI5Q,1
A1t-W25SlQ0,1
Vd6u5uThaI4,1
oVG6Y_oTnxY,1
cddq9ry4dI8,1
BJNjZvt8Efs,1
_ie7FpZQ92A,1
VeKecHXZxhk,1
2E1tFprKEKI,1
MUvdMmdPjkE,1
6EnGmL5oQ2A,1
p4OU8lZLpwg,1
QJNt9wtIRVE,1
HS3ncb9__4M,1
M2Qwa9o3vyQ,1
sBSIPPnt3Kg,1
aFO3d-zMbfw,1
vh6Pza_JpXQ,1
YQA5fNpCDLQ,1
LpId2Aegu7Y,1
euA4e7SnMOU,1
B3MkQFP264Y,1
7y9NYRa7TjE,1
14X2Zbp3fT4,1
hYlY5AjyNdg,24
lx50ObThNi0,24
Ujau9ibxfow,24
bbWNQOxDNPk,24
SPHwer84W4o,24
ntQrNk9oIFw,24
02e_QFNCbt8,24
ydI81R6xiKs,24
wfKXw1vwlBk,24
C6W3I57S32k,24
tCSBu6CiVtc,1
KNzPXUXRRRk,1
Y6s0vVsvL1o,22
IMjysvd0F6o,22
4n6LW3Z4yoo,1
_GjGBVNtgv8,22
_eZ-nepBKnQ,22
-ZD03gRMSEs,22
ZWa0ikxNMQE,22
4rb6x9f6FFk,22
oBlkpOahoyw,22
Be85YNSyj60,22
ArGIdXMg63Y,22
kP0yx7q4p7A,22
PH37cVPH7wU,24
dQxa2YXALwk,22
-Tmgqu2cmJI,22
85jGkk1eZV0,22
gWWvZHLXjqs,22
pxSFCdthbdw,22
r_DuY0CQUz4,22
XKytjRyR4Bs,22
FkKrvj3aaCM,22
oHzdzEPRNfY,22
pXZRnw5b2qk,22
HxBKiukdy38,22
YqUPbS0BkVc,22
UFEMswT413w,22
I2-rR6tcATk,22
pepliEHuzps,22
6sdRIzBLMSU,22
cvAo8dIdBDo,22
OwINwRz_1vo,22
DEjQK3vU0Hw,22
0FiYgbB9oG0,22
m69EVpxgRgg,22
8u2fEezv2gA,22
9qfEe-7k0YE,22
z5jVTk1E6o0,24
o4oeM1z6GAU,24
TYMYvEwhK9o,24
EsnDyXm8Uh4,24
-Sz4VPgIJ-w,24
dX96tWUZIVM,24
WM1NxBoS2WY,24
LcEnoIcFB1Y,24
OAFRjLtWrTM,24
YWCGfMb4t-o,24
Lr2rO9iKymM,24
GqeH5G26BAE,1
YJCGkj972DA,1
ck5A2qPEFwI,1
2F3rdmyT7QM,1
Mn1DY7m5VP0,1
Rt9_GyEzmAw,1
mRGcKGOFAJc,1
PV1_QpkSXjw,1
0vNFjidiJgs,1
EyMRGUCAMWE,1
v1WtCQ_bxdk,1
6XFQTovZZ2E,1
k6fzYyzUBEU,1
ONfyqrEPZ_U,1
LGoBNCvrItk,1
TffoepoYemk,1
uDQGfJmC08k,1
2Z1oNwwXdUk,1
gsh_FTEr0-Q,1
K8-KBk-Y29A,1
nuS_Xctnwpg,1
ftP85Nr8E-0,1
eSnNPG76zCk,1
tkScawbia_4,1
80bObf5JkRQ,1
39OQlnanwiE,1
9Z9ArtEQ0Zw,1
CaEDDeHAA5s,1
s0KREF0YLPU,1
n9IFjKV8c0A,1
xzOcklhfhnQ,22
9nTvLEozAmU,1
E0G1BhAC8CU,1
Oy79_O6e-KA,1
qnUz01zHqhE,1
F-xsOgVGyWE,1
vQBDy5dLK5Y,1
8fzveswiFIY,1
ggbmLgucUus,1
gS_G8PeAPbo,1
khO7obCKfxg,1
YGm-mYEPavM,1
q8waot-Ddng,1
-mmaY4NljMg,1
ctTxPbmzpjE,1
h40kdLR0_Q0,1
3bC9EDg_CR4,1
B-Y1HxRjyDM,1
WwWzQIfT_Ho,1
3di-7JRuoIY,10
ImUHu4Z6QuY,10
O6o-RSkBmag,10
_DXK-HOW4uU,10
qo-VGIURFLs,10
0qDp89W_zZw,10
BExlsxNoils,10
K5AhS7ZUFwE,10
Tda4lz3rEgs,10
qzKIs39CBRo,10
6-sNuDX0-4Y,10
JF0f0nRJbjU,10
NCUt_YC9WaE,10
ce8nJTtUQmU,10
mFAyFPiw0GA,10
RcQWI0l6PDY,10
-SLuLfsD66k,10
cQZEIRqse-I,10
-6Xic3zzQcs,10
94TYczPTll4,10
HiLx7KEA968,10
QZSpz138wtk,10
RqkNzjA0_3M,10
VTUcBJFkh94,10
jdYxzSbnucw,10
lm_-SMxE-wo,10
1rvFkvbGwwE,10
AbPDNgZY_uM,10
GqOUZdaSM2E,10
zHRCVSrXJlM,10
qgbh7xWAQQs,10
mWqZuZx3IgU,10
YPceQLYB1NE,10
YzOHobr9O94,10
V6dvCa0X9ec,10
W-fybQyvIfA,10
RUOOu-zmgEs,10
T7hli7ty3AQ,10
IZCYNsvJiyw,10
7u5KMdP0c48,10
A8WlZX7e7xY,10
8YSqjveb_Rs,10
2mfmX5mTUjw,10
-M6WrZnUUKA,10
UnSnRkiNe4g,10
_rW90qoreLQ,10
nfXXFyr3I4w,10
3ZVAOmMTNMw,25
DAVShNC5nSo,25
JBSGhIXgzGk,25
5sTHHVI7Cho,19
oG4-FEk7Efs,25
4HHXFbktWbQ,29
n21-q2DC-BI,19
0GQGl9OeKVo,25
YBX6FJrPdKY,25
adxkIaCg5bg,25
c4FkBhlFhgY,25
Cxoug8aQi6M,25
T8CUA2-meYo,25
MF3Y6G0uDDk,25
tuBSityTd40,25
TrWw4hDyIic,25
Tt2AEid5fu8,25
VMRwloCzah8,25
_shl_1nLqYM,22
Jh8V7HCWdys,25
GIlxXT0VKlc,25
hgnVg6sCrWc,25
Y__w1KLZEfU,25
VmynAhqFPF4,25
7pCHYHM71no,25
46TzPOBXEbY,25
Rf-oetrmaF4,19
weeWGPAWOX8,25
LCfEWC-I5IU,25
hm2ctMJ328M,25
8yuDc8tjnVM,25
yPkHVmHkMBQ,15
gBAzfwySIEg,29
iKiG5Fnn364,25
Qx-JkmV-VLM,25
hgwWvAiN6j0,25
szjV2MyKB2s,25
jj3GGcPCfWQ,25
3UEssPR6eGk,25
RhSKIl2wNA4,25
da8AXWPlTUw,25
VvCzZxANogY,25
gSajaWNIkEk,25
SHsOrkO5NYU,25
o2On7C0Tgbc,26
LZnoHV9DfWo,25
UxiAnEGR8x0,25
B9goweHygIE,25
csgtvKigMR4,25
Dr1URsXGWgI,25
7KleWiR2-G0,25
EphS6UR5psg,25
xB6wOXQHfGs,25
VPaaIDgMy2g,25
dD5ac-e2SO8,25
sSvvZtXd2nY,25
wY0REtdwqA8,25
GAiduOoZKB4,2
TnURZAtvmLA,25
iLsZlrZIFwU,25
UN-O6oNes0I,25
cRF8sz5HC6U,25
oXAsvg_ZZzk,25
ANLV6RXO0kU,25
icGTy1X_oic,2
xFIvInxydM0,25
japfUdlcNvY,25
EhHBhm73Gw0,25
l-BVM673pDs,25
tHyC9ypcWCE,25
ycAU__6C9pM,25
VKV2K4dwZ9Y,25
xTPbDU9EVjo,25
DN7mYZB3qMc,25
X1VLNM14Vhk,25
zeD0w3z-z3s,25
o1I_5dEcrVY,25
R5I9c8oZHh0,25
Y2OFq46-6T0,25
WxORB1IMULo,25
pOmpqdlVCoo,25
aae0RcCH738,25
g3ddcu-LLWI,25
a6sfZ6an-kw,25
FX_aiXBJwY8,25
JN53nYuOIjY,25
0d0DiW8bcQc,25
B58ZrSNPxGw,25
DWWvCPGkvvU,25
Nh3mZOKgI3c,25
0_3OC2dJ_u4,25
1nrufw8BSfQ,25
kCQiywN7pH4,25
ZTgGAbIIXEo,25
PeXpY-p5NsM,25
FR1kOI9jFWA,25
-8xTVMtkqv4,25
cCza7XbQPho,23
VdSt0y8IS8s,23
6jIe9d3xVyY,23
xAMFdfaBaRo,23
MQ_lvOmIZRY,23
NQGgM-TZ6Pk,23
Ugds_icAMgI,23
DwBCe8KSwrI,23
bpcJCZNs1qo,23
CGIoa4tvH-k,23
6wZk_jbDeRw,23
JCE7-n4jO7w,23
ExKPWW4Qne4,23
LhfygCk6U54,23
Yhyv6EMMLMg,23
YawvpJDVXrQ,23
H76yYUjzLXA,23
6kWQDlXsch8,23
qHgpCHdwhlw,23
xCFhVzAjTfU,23
zCB_L7mqsvY,23
rxqQsLGNL7U,23
5DkBayTNjgQ,23
4Vu3iMK0eHM,23
NS9S0ZLa-zw,23
Ruj67r7fvFE,23
oaG2v6pjr-4,23
tuOkRfy_2bw,23
pQXn00mZ1mE,23
W_evH6Aqvpk,23
eDRwMY1SUdM,23
cbYFLLycgaI,23
zTWb2LntbzE,23
n_9xXshNp24,23
OU-G5mq-150,23
rSXhwJHvxHA,23
gYZQPtKy4u8,23
TqHcbi_ic9c,23
PMtBqNvQwMI,23
y_Kk89sacDc,23
eW4yDwcjElg,23
jp_HQ8NinzA,23
tU2mEy6IzUw,23
W8Gk8GeEdnw,23
S1r87W6ct6M,23
WNNGDdGE_dQ,23
UQJE3gX3nFM,23
4NSUdznhaKc,23
Eg0WDv2gaz0,23
RQCN3BnxZy4,23
oZwKSWGplC4,24
G5BIisMOvSU,24
SS7DtzXA4KE,24
p-uhJyQnQQc,24
9VzmPoxqBlY,24
fvkdRkwQDPo,24
uI43zTCARQ8,24
b4MHdY13ico,24
7HPgG6_uPQQ,24
NUUOam0V8q4,24
RM5C5j1H00o,24
E_VGEmKWEmE,24
fM_e5DtxQoU,24
7KNppvMxsM8,24
MiL8qJa8Apw,24
15yGMt6eoE0,24
j3ntHrRUMdo,24
cl6br8GVzHU,24
KJ2lgG10V30,24
bsYjnyXOKnY,24
kAty3MV7UpA,24
q3LkK3D5OTw,24
hIObHeezBK0,24
sJ9feITNuhg,24
CAG1dwtyTrI,24
7sr18Jo1pgg,24
ky1KY6s7Rn8,24
bp3FALZ6KmI,24
Uq7jlB8-_IU,24
_a03-Xi5L3U,24
SAETXc49Lxw,24
l9RLCgOLIaI,24
1n-xQW9tYSc,24
CNev6V1b82I,24
jLwOM0J4VAg,24
5L8WZTKaSgA,24
On5-pZpVBaE,24
kRbTnSqkfzs,24
NewaRUcQRvk,24
tj6NVXMokvw,24
8YnW4XYyxqA,24
6VoI37_S7LU,24
CJNJKuCHkJs,24
2LunEzzUkyI,24
R39CZ2aurxE,24
t7MuC7mpLkU,24
1fLpT1NDLDY,24
g6qwc1NBJVY,24
Fa7XEbUOm5I,27
EaiUCFcUfxU,27
XlldTKUf5sY,27
kZqcHhswXSc,27
md61gLu4qeg,27
td2wQm0znQg,27
KB2HalVoFpc,27
mS9LaBhlA2E,27
lW3ZPtspvMc,27
AjWJtJ1uinU,27
M2uGbB6chP0,27
JgbZpNQs_rM,27
C3YU3nim8xU,27
vN1IGcbq4fM,27
6LAQPqmtf3I,27
9q1DPqxYcS4,27
4ZxhBWHm15M,27
UBjyHB_wbLQ,27
alqqe9JOCKI,27
fZkcFByPXpE,27
Rtwi6VXZ6WI,27
d017tEuYq-Y,27
9rLwwh7D_dk,27
XLlpJ5CWuXY,27
dGHV3KPbqHI,27
ledRerakDZM,27
VLOxbSRzEw4,27
GEsuGtNQrws,27
oyKPLkQhm38,27
W8bEaoLbeII,27
iOlwssrzVEE,27
rDsrBI2l7tc,27
MGuzf9Eda60,27
iCm28uH7mWk,27
KCLZSI_EaFA,27
OKgMsEfsepQ,27
xOrYNASGtUk,27
n5f67uiD5jc,27
NWEJwCuBQr8,27
M_JtsiI-YmE,27
-v4MDDgUoj8,27
Jebjz-zBQSI,27
GsqKu2fq79Y,27
OH_7Wdou1nM,27
i4ShToc0fFs,27
NGbi8eJcVhU,27
aoGfxKL4Wr4,27
Jv50Arc4IJk,27
TRkG2qdjAEA,27
15t3ENToilc,27
xqwCw0n9VJA,10
VPj920ucIXU,10
DJNhJutK-v8,10
MR8wvG6pWfQ,10
oAaDlTxqTME,10
Q2MCb6xVcNY,10
3vHrChcWKxU,10
bVrlaVx_UzA,10
VGUWYghXsZ4,10
bAiF8ZQIJzg,10
Hgk2yzRJa7g,10
sT6K_i3M6sM,10
NQvzgAYGWmM,10
8Ck3g4uNMxs,10
vAPWuzuclfQ,10
bWzx1CJIvTo,10
b6vC1zzIMD8,10
cwY-mzuYXSA,10
Ssd-9-Dbo8I,10
iO9ViyJU7qE,10
vqTmQwu5Lag,10
0_XwxltEFyw,10
u5x3q3wjm5o,10
YvoyH8iI8K4,10
jmEaktOH08s,10
B-olDnkmlE0,10
4aXiX8zk2Hs,10
1J1ejd_rcyQ,10
8s9RMlpYrpQ,10
-lIvotZ1d90,10
A-PLdRv80eY,10
FC018h9EM8g,10
wEhZmeulEnc,10
KxWtAoukiXg,10
2R2hDE1ysOI,10
hY6egSr9OgQ,10
MAyjia_HMW8,10
EJTIOWQPFTI,10
gfCMBkkGhUI,10
pfRQxhk8lo8,10
bHQ22BUU1Zo,10
s1JxII880YM,10
pDuFuERLxfA,10
LVk9a5QZmoY,10
hA-UCZI6coA,10
KXUgwmTfJ-o,10
80JO15pwnKk,22
a1Wl0yRFRH4,10
9WmyOuEOnis,10
DLqlb1QIJmo,24
5h_8paTpVQE,24
s8I1NFGQYWI,24
YSPZZ6VGCbo,24
rCU_RFcb8wg,24
nDS3p2dCdyw,24
kDzwCNWMqro,24
xbf4WNT--DE,24
zkrGICpajIA,24
ybmFYfB9VHg,24
EsMcUp4Tw8U,24
rbTI9EYu2OA,24
luosdaRCWSU,24
7bbX1FUnblo,24
J1hrkO99iKQ,24
cAzmHVCUdXw,24
GXYPkzBwW2A,24
V9VqunPmUsE,24
CYh5b6jK9X4,24
UHg0f-KollE,24
z9sWiqFMRIQ,24
vt46rPRQwqQ,24
IBjDKOvKXNk,24
1aG805AlO6c,24
-GKJx_jTUh0,24
ck9TEfcOrKo,24
np41FuIYR00,24
_xmT0jBUgCM,24
pRzZPHztRYU,24
9-3xIRNddcQ,24
Q-GwA9FuEmg,24
f70-j_L8XKk,24
-vBFOsN3jZA,24
KqPDmean_pQ,24
BDwoArXb_eY,24
RNjp3YGupBs,24
huTLYnBA1yg,24
Ub3Jv6F96nk,24
v2ZGpIT4_2k,24
6jA9_-n7VyY,24
XnMbse812L8,24
Xz2eJX37v3A,24
dAuze1ECfEk,24
S1_NSApSQ9o,24
eolfhc4fNCI,24
H_FVsUpggvY,24
ZQVZ4qCiiKY,24
VC4Tecm1V28,24
Wb_ea5KIaEk,1
m-QuLl8Pi7M,1
UPJuv3zWo3c,1
UNucFcZJtq4,1
SqdD9A2kiP4,1
c_N7PJIY5vg,1
eRpa365awi8,1
Rmcr0cTQmSw,1
0hmQzLcbgmE,1
sFPXkjsf3lU,1
4ke467G4xPc,1
gVEVwYVol5c,1
isD4nDqDs-A,1
fg1V8N1LI8c,1
zQ2LHJMyIXA,1
ZagLYby0RS0,1
3KyaQGJPFQM,1
KoDRDmU7SHs,1
iGcKYaHhLME,1
8LWPWEoA0Ro,1
OVKdXHurCRU,1
R8Jky1MR8GE,1
Tmf5juFyA8s,1
xseTY9zXCY8,1
54nsTU6Tc5A,1
wpp3Q0zqNxY,1
ZFMr6GDLGxs,1
921Yhgdx2e0,1
zkXp9x1U7xs,1
9DEzEUe0DIs,1
PG0xOGnLLHs,1
sgLOI7AkqAo,1
nSdM6obdJJY,1
JV6wJQxbiKU,1
aK1AZZDD7y4,1
wsWZaaILbFI,1
5hU5hBoeH_E,1
p5J51p6TST0,1
p5COvsCBT-M,1
6HB8Lq64ysQ,1
aDDjFoG1gMo,1
Iqmy4LfUSEc,1
5N0jTV9NWuw,1
NgXgkOgtvGk,1
EY2p4I-bBeE,1
w3UVy6KZdb0,1
L3wdK1-DcHw,1
aYtK1AJbRbE,1
bixWLhtpeLQ,1
xxuw5Q3TkEw,27
FikUsXnvIEU,27
7b4Z82_Z8Wk,27
Y1HT13HOWxg,27
vrBw5fPK-Rg,27
ZKIu-efyGrQ,27
RIGv7XCvh90,27
e_EZNktXk8s,27
7hCagQi-1wo,27
0tLtUFyep8o,27
dpkSLmbkE4A,27
C5mvddyN0ys,27
jlPd7T4ZsZg,27
9HnQq-S04K4,27
A7ibT15Ifsc,27
FNoEw3OLovM,27
M7cdMN8wBBs,27
o8gvoT4C2C0,27
rsYvw1dCdXc,27
mxtGc5hK8Ic,27
_k9g3BQ19D4,27
PWmSKXqh2uc,27
7eb_7tav-Jg,27
H7mioK2lu40,27
smzQEOoKx_8,27
we37KfyUFhA,27
DVmAAzfep98,27
Ec1NH6in-Ng,27
-MJKDVs9kTk,27
UvCmWn6WGrU,27
ie8sk45c8UE,27
3azE2tRZz4w,27
R2vzZXSs22I,27
yhf5FHGvQ8Y,27
OpQoujPZs6Q,27
6yvR29DgEZk,27
aFpftmAQ4T8,27
CTETej8jVmQ,27
aIJW9UOMVcE,27
BTp3FdUJQUo,27
sxgFUeCdIZk,27
CDwBrZC-HPQ,27
ySoeu7FA2n0,27
ccfr8e_oAn4,27
3jSwVNVIdMQ,27
orIb1SF3b58,27
QpuCPWd0hf8,27
a8WTj1zwS-8,27
ProtkUoSZMs,27
uLSyewn_mzI,27
3IZZPL9mcr0,20
NayveuZhUvI,20
CvM-1lx3keY,20
QMZ5na78OVI,20
23mgNdrTGhg,20
yqwZcfMoV2Y,20
AdQAF0Q7DV0,20
QdmDjbS5QEw,20
TgRFHK5LZR4,20
Ys4--t7Ag80,20
84OYYW0Z_fI,20
5bmEslrfaK0,20
vwwJyTfxbs4,20
Lpu2MLTFVNY,20
R_xM9RREaEs,20
e0aU0E1DYKM,20
syCjVgjT7Dw,20
iOIGLxPmXOM,20
4qd9ueQrmsI,20
CoSIG8SnNag,20
ouduIHa-5Xc,20
OEfnQXsA_7Q,20
0jSLm700xJ8,20
r1gubhDi7Xc,20
dIQIfbOWTMI,20
DujIztBw4J4,20
sCrSKH2xImI,20
9okKfGNtsj4,20
icorp1OeEZ4,20
n5UJGZ7m8BY,20
3-b6Otekk_Y,20
q2YoNz29bN4,20
BkRCfqb8LdU,20
KZ3qAxcHQOU,20
lhUzVzBfnD0,20
e_tj31vse1w,20
efQ9BEfrF20,20
w3mY_1V5AXA,20
ZHGRLoSc2Sk,20
q4tcuWifEPg,20
BsmaWC7u4Ms,20
sEN6HMMru10,20
xBTSL7hq_xk,20
GZF2n-eO0b4,20
IrZFBwR8wJM,20
2dUeLMXo5Ac,20
yMXQI5R_PmM,20
SX5P8_5Nr7c,20
GcQ30AwFjdw,20
h1x7Og0STCg,20
l1RkqdGoy34,25
hQ7r7SSzxo4,25
K9ir3ymT8Ak,25
jiH-akd0Gd0,25
dGij0YGic90,25
JIsYGGP7dXM,25
fH2UVmWLw7Y,25
A05jvYo8LD0,25
P4L38GZwq6Y,25
p8gtbK5muXM,25
pJes2jfvTQc,25
HDd_vpc50KQ,25
jwJOFoRrgPA,25
8ebUj7HWToI,25
-qE_PsnM9ZE,25
x62weKCCSWs,25
H5ZLVjSpMpU,25
uK-JuWIpeuk,25
g6QGPZcKSN4,25
edWveHrZhdc,25
fQeIT3pisSg,25
TCQfcvHjh9Q,25
D8E1Gl0jtDQ,25
L0Xq4A-Tki8,25
bkj2XHICgTg,25
4VsA2Cc3dRc,25
K3wNYPtbSec,25
6gNWHa6qKis,25
i-JlQM9rLQQ,25
WIjirLiJPMA,25
PTA0DIcpphc,25
P1L-ZYnAj-0,25
igfG2YAONRE,25
ZWWVSCLGJ7U,25
BB5H_KkKRqo,25
QTrpdob_cb8,25
kpJLoWIQYl0,25
MCnmVlmnMqY,25
IM4XanLiTxE,25
CGLLozQtCk8,25
0lJolyVv0kI,25
pF7TvX75Ctk,25
oTVeatRCKgk,25
jjfdpjBWuc8,25
_U5BlEuINdc,25
FKrDBaePFyo,25
Wwl8m3pgywI,25
63SYHVYdPlE,25
_HIOSb1CI0s,25
d1h-44S4mW0,25
XjiRMdjKRs0,24
sTfELSa1I18,24
63Yvzjd8EAE,24
9SJTRV8SBn8,24
ZdZt0vf1UZw,24
xqrFAZK6M8A,24
x3a3MS0iaZc,24
lc_8JjgdiV4,24
AX1nIfyTfxU,24
JFETXC6bZXY,24
BMJI7hpWblA,24
AmbOoNjP1vE,24
3ALM3M8lklk,24
4h5duj3tFOg,24
usb23YfGlGo,24
ok7PWTPeLYI,24
TAWxmMQrjG0,24
MAEjkBRufaE,24
Y80zWGtDrtY,24
DrM3U4Bh9kQ,24
LPYDWbXwQVs,24
IxrFceRuZYY,24
EpK7DUNL4JM,24
AlQ37L0PDg8,24
733-stV3_RE,24
2W57B8-FC84,24
8rdoVtXCASM,24
igKamPUak-k,24
jb_4_wohZS4,24
xcT-MT0Ktwo,24
m_AWFiGbqUk,24
n-u4nKZe8Ms,24
Sko46sG-yTE,24
g9CmsWpB8zs,24
UZkcWXM4wfM,24
SXzfdpiGLJk,24
DbSFeaRJE-8,24
zeVX_hNLa68,24
ap3YCmcNqBE,24
HEBJ2otSw9o,24
PIZjn7UwQ08,24
RxOjXYRSdNs,24
gOCcXdrogbs,24
lJm6UpNol8s,24
lmS0waAoLUI,24
l8AoUSJYiMo,24
shMQIe2DY3U,24
HoN-VvYgmUo,24
0UUXrNMEFP8,24
bC8JhiDwFQc,24
tqRvozebElY,24
siXwlMjKE5M,24
ahk8glHGkiA,24
hcVku4cdLGI,24
1dK6P0mQqtg,24
wjbgml89Icc,24
UvUJozYr7I8,24
2O4thFZOYa0,24
Z4D6Pg1-khA,24
GHItqQzGD_8,24
eVEb6Oz4EiE,24
N_MidnP1-Ao,24
GfJI64O1HGM,24
K_XSMFfy5gU,24
o_H2FZLhQ6g,24
Q9hxIXvCjkY,24
SdpDd3zWs8w,24
XlhdAym4dVw,24
Nc3eTDc8SWo,24
AXmsNnPBGN4,24
sMiQoJDOHcI,24
Kekb7nE8ycM,24
sd4FM76Uw30,24
ospvhBbxFfM,24
QtMqJmaDNak,24
c3JPfy5VIZ0,24
1blsPZNUu9w,24
lFb8-BNNeKU,24
CWYwsD4aATw,24
qBKAbl_cZWk,24
k5IaX9wNZZk,24
rlQpziv7V0w,24
6OA79bJTVAY,24
q8t6d2PZdqQ,24
KDgUkrgOJ2I,24
X0UoRGOgUeg,24
pjliXZscuPM,24
WB-pa1Mdnis,24
8uomCBFcxes,24
E4NGq-HBdBI,24
j04oQy4PPRA,24
02DfM4J2jgM,24
jsqFW72wclM,24
98ZqeJc0qpg,24
G9QGg-04rTY,24
uPUTCFMIie0,24
8gSe8dnFgtY,24
Gbp0If2xOJs,24
IG_CLrrBOAc,24
9jt5ABNhiZk,24
VMVSxhTDXAM,24
26rzcnbMxTw,24
i0wbBNHX6-s,24
VgLAZKJdb_s,24
iOm-FfbSKPo,24
WCBvcizSfVA,24
4OkDsTeGVjM,24
sYYLPE7dL1Y,24
hccU8RnDvNA,24
C4Wizd9Meb8,24
wNqfhsvXLzk,24
DUpUIvVLRLQ,24
7DQqXG6peT0,24
NU5mVA_QvR0,24
O3pEO_A7Y-Y,24
_VWkqYeazrs,24
xiwarox5yy0,24
GOxag5udRWY,24
XkJ-FVfasiU,24
D3m75Etn8a4,24
pK7N8dYf6YQ,24
WKqRvpqkfBk,24
6npCo2f7o3A,24
4v0WX2x9Zo8,24
I1zda1Oi4Ys,24
X8EsK-RbZpE,24
3aQhqPKZRN4,24
VD2nSRCuStM,24
rSaRC7MtCRQ,24
BZkdRkwWsgU,24
9f7i0R1TKQs,24
TPbS2nNv6a8,24
v90RwByWYJo,24
CZtKofR5cyI,24
sAMrdFs2BwI,24
8pGxbiuV5lg,24
jF1Ben4CpLo,24
YSdp3b6Ib1Q,24
n4SOqiA3JAE,24
tIrTI2P0MVo,24
ZZjxWSajdRY,24
Z9mUQtT-IK0,24
eyl9bOZBZok,24
zv2TrcuOpNY,24
iAFopvilNE8,24
UINXxyJ682Y,24
I_8BOWIOEKU,24
FqGvACjFlW4,25
M79AlqLkOxg,25
IaloNoPCmgE,25
_9X-AHrWw6c,25
JJUH0SibJEw,25
FZ7HRzkVWnA,25
gj05K6QKv18,25
EhAB07kk85k,25
z5289k2rbJs,25
FEkh5r8Fx4k,25
-h478CimrIw,25
Z7QaZam318Y,25
RiHhogGxlKs,25
zZcuL33Ggz8,25
dAV_rTR1mBw,25
ueq3zozeah0,25
UnZn7a-zcwA,25
X8QeRGvTZ98,25
n8DIZqEq2M4,25
7br8mn34Mpo,25
0yrLx8P6058,25
Zwaz7xweNw4,25
07GWKFQLagE,25
danhAfqVF0s,25
GtbAnBZ-PYs,25
owrrXNEtHCU,25
MhTtFISuZRQ,25
QSx4qWk_p8E,25
_nERzzJ4sXQ,25
qDB2SbXCXIc,25
YaYy1YHwWIQ,25
OVw4USaqDls,25
JP0g4zbJpJs,25
69hLBrJTkJY,25
pm1zcBkMauE,25
9ahIMAzS-9Q,25
15iRwbgduDc,25
SV4ll3xwwXU,25
D-8zWXFnf8I,25
9k6U4c2Zw98,25
7oBRIZ34I4c,25
mDjN9SV4UA4,25
iRV9IBBWYeg,25
QJodSkAMHsM,25
HORAisgKQAY,25
ZTynlxauxmI,25
ZdGDkuBBfu4,25
T5stHR65cw4,25
YYDGBbIEiyQ,25
qYGml3KMvoo,25
MQKwNESEUks,25
-QYnwE9ywsM,25
yk0-KZoz-1c,25
xuiAxibcEDM,25
y3kjZFKQLEw,25
sq5fWu8a9DM,25
-8QGmt9O4XY,25
VecB4KmiFqA,25
9pYCoAid-KE,25
uIIlDZjgOPU,25
RrSjo85OeKo,25
H0GUwXFMuUs,25
d_ry5wGLnfo,25
Ctenjozo1w0,25
z3x2aokoLf4,25
8bwf0t9Uhgg,25
nWu6Kqd70Bg,25
0i7mECYzu3E,25
NENlB8WsUjI,25
3KibHt_RKuY,25
izjyxE5KxiA,25
o3JoWChcAao,25
L-8fPTMnAco,25
5YX0uWWyo3g,25
ZQZicEzw_vs,25
Bvs9bLanMbc,25
abTbphLtOIc,25
IhTVWg4qOVk,25
m2EFOagg8Hg,25
02udyEYnbsc,25
ivwy-FxGKeY,25
SfUWm7uXK9c,25
-I99FKuGXyE,25
rgX5zOwDUGQ,25
_k7Q17tNTuA,25
dVoVAUBHeoQ,25
3I6NUWckP_8,25
Fn5a5x8gOdM,25
9V3Y8ErO8Bc,25
i3yHtOAFSrE,25
7dTrlEC-7IM,25
0CEYzmxcSB4,25
KgulPudvtWw,25
3FyEv8v7lNQ,25
4t_g8zpj0ZE,25
uLEKdEjDc-8,25
kfMUPWxPXKs,25
FXTH2EHV8dg,10
rTVSln43KOc,10
xkBW80fkYCM,10
USMjAzEvEKo,10
Q28uiH6hyfY,10
cZgqey2r9-w,10
e4rzN9olnkU,26
A9-4UVzpXXk,26
41po1SvK1AY,10
tZuMLb_EQk4,10
nhLhRlvAio8,10
-JM8Pyo4v8E,10
DPp2kE2vhHY,26
0EA5jbbXuo8,10
ZAx6FbAtYP8,10
jHB523zsTpQ,10
mLn1SCOWW0A,10
qncbP00-Y7s,10
YoIUFNXUwa4,10
vhsuB6NPoOY,26
Xvw0WacagEY,26
yOU7SpMAuMk,10
36JcZeDi7KM,10
sH2nZP-K-uM,10
15ugy9P9NWs,10
_d9BJNutJKc,10
3XWtlY0gLvs,1
vrOqUH-HVv8,10
QuxK4k4jYuQ,26
ZGn3nWIEvk4,10
q9ATP--GMXI,10
IwDH-QFyOj4,10
6WloNj8zKX4,10
pnZM0i5bnUs,10
g23mac3WF-M,10
X_4UPHZvOV0,10
goR32l8yDys,10
uMazseJJ5FI,10
0pATJ7Iym4I,10
nhRI3I-uPAU,26
-EBO3Rr31iM,10
cLbRUCH9qvY,10
LFsdZBN6KeU,10
CtFEu4EyL40,10
J7qas3x9FvU,10
1hpmgO42j-o,10
zw6EY7g1ACk,10
axq47tUYKxs,10
U9DfvyLFdhs,10
_KZzzf4E8WY,10
j5AAs5CHKg4,25
KhLFu9CprRY,25
IqpSOVv0J-M,25
vcIBR4tnXcI,25
AghS9sKvCbA,25
CGiuz1nQcSY,2
mG7cfW9D7o8,25
u23I1jKpFeU,2
-89sunzKqbY,2
LgqZOs2puDw,25
hiDYo5xpuzk,2
J8C6QNIFmQU,2
akSto6laVII,2
AhR_E28EnzA,2
NoR7wp2sW8w,25
wvqHAMzheDg,25
B1u3E3s2Gwo,25
qmDZ9q1vN9Q,25
oKCkFOyYFqg,25
BUNdcJp14Qk,25
pGbnDo9WNZ8,25
rn8_Gvk6SX8,25
aU8HzarHgTg,25
kYlyNoVJKi4,25
qR4V10jR5vM,25
slBy6LpuOkU,25
GvzoOlIML2U,25
nL0hG26fyj8,25
aP5WjPyUsKY,25
wTLbs-3NLJI,25
QMrUoYBc2k0,25
Fzu1ltwipdw,25
7xSArpt4J6I,25
EXeO4P5XLuw,25
EJdS4nmVopI,25
NVXvutdk69g,25
X7Qv4sH3f1k,25
Rmy8YdAPm4o,25
eFSKAnkuDPw,25
p17UGwgBzJQ,25
vSe-6gJdLcg,25
6UpEcCii3CM,25
zgDYCF91SqU,25
1x4i4Rjr0cY,25
_UfQboMABd0,25
y0NfL8GaD1w,25
SGUzj1P9Egk,25
b_thCD_qXFI,24
xsaRHBvGzcU,24
AjzyXT9WgmE,24
L2aBNxrXeGQ,24
gsOTWx1tUG4,1
PXxku6CnOqo,24
0KV6YBMwUlE,1
cgezsUeJBzQ,24
_xr2ZpzBtDo,27
AaWp7rKbE1o,24
hnJIng45DTA,27
e4hEyM1ECrU,24
34Uz_YY7D7Q,24
CAilvyiWsEE,27
qIlx8vN455k,27
D-0Q5GvjE_w,24
NKqqMl9E2Sw,27
4TZbNkrqTHA,24
_xGCWeIBS6U,24
R8GDBjvmVu4,27
L3pJgif1aBs,27
1nNsu3YYJ5s,27
i1hJwI0iTeU,27
TY1XHWXj5gY,24
nGSmiQGs9N4,27
eNRuMKl_zmc,24
R4qBzezntlo,24
G96u-NgAMfQ,24
7xxj3Q-74pg,24
UTnfFtFJBnQ,27
BsBwiRsXETE,27
ItBKIlxx1eE,24
y0M816CeGuo,27
OndkhdeFo7s,24
0d0-zbYRrrQ,27
twfcwlwywfs,24
-LENZXw2NPU,24
pxwwZGXnv4o,27
faleQYzuZn8,27
wW3ua22HnWE,24
jL56R5MjnbI,24
xuu7KiHvaUg,27
CTuz5B2ZHuI,24
0iYoH1ZNlJ8,24
3lW1i-ufjpk,24
xgAgmVEs7Ho,27
AfdLubYIEIo,1
yZ66CZzKf_4,24
LYUrfnrT460,24
a3EdomWoneA,24
-Tc54P2Fh0U,24
scQcP4nASIg,24
P0gJCTFgM58,24
yusjhSkqyrE,24
VGH1aSgjUbY,24
qcRXEEQUSsI,24
03uWlKLBe4M,24
Q1KPe6JYPYU,24
WcyUvgX0pHQ,24
hoCRzVj-14Q,24
gEt3o6h3an4,24
c6VMXArjAHo,24
YwBTt0bM4lU,24
Qd7dSHcWqSs,24
EfLcGSfzW0g,24
mK12qmlAFpU,24
g-lOfZNe44w,24
cwfsySBoLQA,24
02GeX7DFEfQ,24
Pe0PsqtYC7o,24
j_XSwSVXqRw,24
k_EKxJq-sMc,24
dJ8i1yiCvtY,24
r8avnvLv4U4,24
ICKkCJogLrI,24
f8-gjLBQWV0,24
BdiVnzglyMM,24
uJPvuja9aQ0,24
k4isIv5eXx8,24
nSE8meVziT0,24
CZLwBjdFD20,24
FPLokFvHCzI,24
BEGEB_-Uy7Q,24
dc2PHYDpO9s,24
CAmrb5FiPDw,24
7_iwhstZ_X8,24
dHX0vfMU2iU,24
r70oJusRlEk,24
yLhu95fmduM,24
wLNJCSsefgo,24
wcrXuIxHr0o,24
zZr1R0Z-MdA,24
D2Syi7hGJTE,24
rk3i3VHvZMM,24
yEuBVAZJd0g,24
UvBRr0KnD8U,24
x5gmtIl1kww,24
ppFsjSXZHTk,24
885wiEOvlZI,1
iJmeeVwYs5o,1
DrgUtlp2sPA,1
mb_nA9EIUKU,1
CxYKk3e3v3Q,1
LN49GVssiWo,1
MKZ__L0ykDg,1
4JRVTsA7R9I,1
g8nFCenI1-0,1
5Ydp9_OEfiw,1
OhVOn-7J4pI,1
40SDkEZHJOE,1
H5I6t2tYryE,1
Kf1lpo8ysF0,1
ykpsPdpcQBE,1
X1BTAriMUkQ,1
Nv-RUU67Q00,1
-3cxA9f-SOw,1
YNzd-UKtuWU,1
IFihUJluRe8,1
tHG_SSEuGAU,1
nVXN0BiAN1Y,1
yHYufE7EuVA,1
yn9q7yEvjC0,1
QnAnoXjfLqU,1
1oYN_9GLWGM,1
zkzle1Gd3eE,1
7uWdKwGMkM4,1
F5Rmzg2HWPw,1
u84CF2K_saE,1
lNuXO8BaejY,1
YAe2Ou4dJLM,1
1k_6dMsjbu8,1
mY5W5WA2TUg,1
hnE85IfP5TI,1
kkvdGVcalKc,1
HPyATSLhqW4,1
10KFpJjhucU,1
WE68LSZOvic,1
nRNU0oOqUQo,1
V3s4oGWHQf0,1
NuvndR8ISL0,1
dpChTMgHP2g,1
dWSLSEM1kGo,1
09tplwJ_iIU,1
B4tAZ5GMPZs,1
SuoMKrePXt4,1
3wAvdJ1PCC0,1
07HGfxNBQOs,1
Vm0kQe9JfAo,1
K6kPyvu-nto,24
DVTafBeGERw,24
urp6QFhJyfs,24
JehiPFNQZkY,24
fswbNSMZ-U4,24
IATX6pWoOcw,24
xdZV-wKpWXI,1
tke6y0-X-sM,24
HqPBH4IVUcw,24
A0Sm7ZFtSUQ,24
e9K_GHLat-8,24
EIwH_U0H_sI,24
vDZR0eE7ZKY,24
CkZHiUkKRS4,1
g5hFEVpuxjg,24
7BXeeG6fPjE,24
n8le3W01ZGM,24
nGjbACFIK3Y,24
Qn91E0ospyI,24
uCZGytjTGWI,24
G4j2epO5J3U,24
hg7qPuvQR6I,24
Js1fhAXpxG0,24
kfJT-yq14vw,24
T4alnQNMd24,1
SeULCfqwf6c,24
oE-R4X9de2s,24
d6vkPzj5bRU,24
7AnGV6RPT3k,24
dWlwCdHRRNI,24
J38fxm-wKYU,24
7FsXa8VDy0k,24
36THlHA3Wc4,24
qVAmvLEuk2o,24
c-2DngOGwkU,24
sqqUkx1YWOU,24
kXQ_1DSRlUw,1
Y1mSIZbOUc0,24
YZAFGEfUIa0,24
h8Rk09bUB4o,24
gvmJyzCVgXQ,24
ho9G5GYSIhs,1
ycR819rJ_dQ,24
IBCkJXq_WNk,24
QGvkm8Q0qzw,1
AuUqLInAE-c,24
yleTrr31j3A,24
dkz-3wzVlT0,1
84POyeB2haA,1
HQSWq2YGLTY,24
MyvInOwdaFg,25
L_kXpyA4by0,25
CdsKhhWQwgA,25
5lV_P1m02rg,25
lD57y47GpY8,25
QFxzt5PqqTs,25
3q-cnIhtuBw,25
2yq5C2CNEiE,25
zLAkmefwPoM,25
mV9H4GsMFAI,25
zsd9QMZnJKA,25
UsTLEly1KhY,25
gWKZK3BbhPY,17
nrveqs1Q-rk,25
nDJ5qTIqomo,25
5mKQmuAV2P4,2
bgAyQweOSrs,25
R3lIewYODXI,25
DLavQy2pAa0,25
pXP-INPZIac,25
LyvXpf7A-xg,28
Z5c9qQ_4qlM,25
ZqFoJkCA6jk,17
ShdHt5SaQcA,25
uCi__i_P7xc,25
sXQoIP2p17c,24
pkR78sOQWsY,25
jWhCzSZcgUA,25
YuwuvqueXDk,25
5fGsRjVJvdY,28
Nut9hyRc368,25
o_OUPBPaJSQ,25
h55hEezp1C0,25
6ToALapwub4,25
6P6Yh6kyGAY,25
BXNbMOgS89c,25
YXnJWe378M4,2
I2efjMsnHh8,25
eSi_OqUJ43M,25
lht8Ab1exjo,25
UgKlx_Zx8oU,25
WwYzpWJrrx8,25
2mrEcDJQjX8,25
-NyBil1kO8c,25
lVPdyWc1tqk,25
ZKQDR28GPPE,28
nLtXHfqggEw,25
DgJsL3HM5pI,24
Css9nAtVfHs,24
Qxew6q3w434,24
fY88juntmUQ,24
g_navrslrYY,24
qOe5Ov1-FAY,24
G0rFXc-XAUs,24
FzJHhi_YnNk,24
fsAEqdhgTQM,24
wIRsDui_wHg,24
vrckSB9i3K8,24
nd5qjJLLXXU,24
KxK9gpaFabE,24
qthNm0q8zJo,24
VFNFbQ3GNIY,24
iL2YwCTJqxs,24
4G2IlXNDtFk,24
l0NlOK3UhYU,24
O9Ulvlrf4Dg,24
WKnl_VC4PW0,24
MDx0yjNUiC0,24
GBX_w6A0te8,24
c04G2RzSsbE,24
jD9dbhv50gI,24
h479BuqH3cI,24
dGZB-kkAjyY,24
v-Sv5stntko,24
WIjPTDLicR0,24
Sjgy9JtXI88,24
TVcaldg0tHI,24
sHPIjARtMzo,24
hSP9jnEsAHk,24
REZpu-vP1YI,24
PKhTBirH8xA,24
K9k62H71QpQ,24
JAkG1Sa0PAI,24
PQTcZ4v7B38,24
XlTn2aqkK98,24
SCtxqNDejBc,24
cjGZzHgnLOg,24
Id5Kb745OL4,24
Yrcr2WvRFrw,24
Wpx1SwRBsQg,24
QQycoRwfth4,24
6BoLBO7aFx4,24
_GGQxiQ5rd8,24
bhJy3DVeMEA,24
kXPuDgabd2s,24
CqB-q3aKFbs,24
VnGUtHd7DBs,1
5H3H0HI7uG0,1
Tvo6x4fjULk,1
ThwGr4Y0pKU,1
svL7W-fJDSA,1
0Yn86ufiO7w,1
JD7W40hjee4,1
z0wmKigJyHI,1
vU6D2W-jFpE,1
ZXQsRMRo1yY,1
pENPIJVHWzI,1
As-CcL93jvI,1
TD7Jdf9HfEw,1
xeeAxLC7eeg,1
PINtY46nu2c,1
GcS_TbJ2ARY,1
Hv2UW4NN044,24
o0BswB3OPxU,1
dFWNBHAXVGU,1
hxbhjA5WHs4,1
8pWvVLanWfQ,1
oPMf41pWtBQ,1
LqvlFWRg4go,1
onduqWdnIxE,1
ouFkntR2Vr4,1
9GrdFuR5yd0,1
pmHrcGhLWLc,1
wDcKSY-N52g,1
hSGpxOY-Zus,1
MBnPGCOPgnw,1
oVQ4kTJ3J48,1
mpzFk5OToLw,1
0M5EBI0gN1Y,1
KzNvN4PkLKo,1
s4WVkWlsGI0,1
a6UvZNw4Nok,1
zaF3t_9_RCU,1
CCTDm9YxNi4,1
3YnaeIv7e2g,1
r_I_wXHUr2o,1
qo0QmD41aKw,1
vScaRUHg6Fc,1
8gNaxAlUxyA,1
lEDP_lqLYgo,1
vDWgW4702tM,1
9tklL6El9JQ,1
FiUmec_I8k0,1
LrGugZaCilg,1
GUNaga5E22g,1
-1Tal5JMCRo,24
VqFmxH0CBvE,24
PMScs3KCF-I,24
oU16FbqpFYY,24
w1d7TDySZsI,24
JgDCNMl1j2M,24
4uYHtiVGEcY,24
YyQKhvOBeLY,24
6PDDsX4Vfkk,24
PVY6Mkt6koQ,24
zNLUWLseXBs,24
0NKYLqYF9D0,24
hmptHMl6LO8,24
hqtp5_WST5M,24
zfZOo5t5c3w,24
ATQMpYAOMgU,24
bc0zhI8XPbM,24
EQ9lceUAEuA,24
stIQ-QpppbQ,24
fNqRs-NIfDM,24
MEEn5HwVwko,24
eRvDPwGHX6w,24
iq3WZ8jmzTg,24
-0ztrHj6FzA,24
YGEyIRKvuls,24
zSt079dZ9I8,24
T4U1ygMquAo,24
QsHs4XXebjw,24
G_Ay1iHPdSU,24
H9mcqRxH_6w,24
-mgT35daBsA,24
FQ0kP3qCR1g,24
Pbfq3M6Ci6s,24
Bq-td0J_kwE,24
WilS8nMR5AI,24
V83nAO9q-ew,24
RXsa61QQ8_4,24
q9VrYqOzKzU,24
g8vezqea0To,24
bD9ntnUcZX4,24
6_f6RD7xL58,24
5-6NbWLDkxI,24
QVyrLpZSgTI,24
EHRG_Fh-JFI,24
YUJkMbtb62I,24
ACEM3mHsalE,24
9CVThpKo17w,24
cuQMqV-Ux-g,24
V1-FtqsL7gw,1
QlajxWnXJds,1
9TB8DH9ysu8,1
MVGkpcp6wxg,1
7IzG4Lcyxzg,1
TL4dKTb075s,1
fUEhK6TJbrM,1
Rs2OFEYXYI4,1
dLpIYOJwiB4,1
iw_rUwqKksY,1
i67ZDFjO0ec,1
mtIN12DNZ2I,1
JjBkBJa6Wsw,1
37R_8tNJ7GA,1
TjPqJLmQIPM,1
ROTE_iE4PRw,1
XTw-OX8HyD0,1
XtO6S3Y9hmo,1
SXUQEgmsqiE,1
-HEPHqrsat8,1
YekJ-2F56Pg,1
seAhq46crvg,1
XrjegdrOunw,1
LIT9wdfrWKo,1
cECLLwHrx1I,1
KmJqMuWv7fM,1
BYMXZBSUpqg,1
IWWWkIzK6OI,1
H50nwryptdg,1
I4SBNKwIrfM,1
p2hCmEMr8j4,1
40gpY0a8yiI,1
qHrvvy5AO60,1
cEA7cQHaf1s,1
xg4ac7i-egE,1
5LbM8M6onBk,1
7KyRvlh6pf8,1
1S6OnLSi9Qc,1
Y3dSxLjH1NM,1
JnkW4iOp--0,1
A0rKPhk-21o,1
B5Xbiivh9-g,1
piC2CQzF3RU,1
mL71fALQY4I,1
u52eU53HTGA,1
Xb03KC4CGGk,1
WtQsXH3Nmyw,1
W2yKnnZxTko,1
IXq95WXtvQ0,1
Q83IBzzg8HI,1
iGRlkv3cSIA,1
nBnjKsOB96I,1
wiPg0RS1yS4,1
2-o6sdSL_3c,1
OczRTcQamLQ,1
itRGNn3uPkw,1
pFKxDviLxrA,1
F0eVSVSy3go,1
BkyQJUihDMs,1
cjJcT-HXj5w,1
dhwnBPrMexs,1
_HzPDByp2q0,1
3xaXlfaSzeo,1
yns37wsdl0Q,1
sTBB9mBFqZ0,1
SUEMlm4iU_Y,1
cd5vNTaV4ik,1
-hHxm3oDbJs,1
k_-jWzCQeB8,1
Aa9tQvcninY,1
8CC65_sFlTc,1
bIrykXCscWc,1
fZX9YaTPOB0,1
YJI8ljsAevU,1
rybK-ytjLpw,1
L43Egwcresc,1
U35f-cAFKFA,1
DPbq7Fchcvc,1
seXivt-yJhU,1
NTF9KZfVqF4,1
jH31ik1aV-s,1
FIkGhdnooro,1
AdyuuzD5pD0,1
VjUQ1bicaZI,1
gKeKr4FJxnc,1
yXaBRZ_Eu9c,1
F7wpl5OnAes,1
hHELWLZzUoI,1
D0sknhVXUrg,1
eA34bXRv7FE,1
JLop9hJlAn0,1
6oT4Yf1QMwA,1
pwIc19fYLYU,1
Smgac7gw-xg,1
TBfJPVod1YY,1
z6eng-19tnM,1
QNxU39wwHsY,1
YvU3LXDnwhI,1
sSTxPUjlH7s,1
l0LNBKEjXrs,1
aKZCyrXlaUc,1
iFfWwhh6TnE,1
41EqUrveLEM,1
AuBXiwdMmKE,1
-edVh4WjeQU,1
u7C6grrbV1g,1
ljak4aC-iVg,1
QU_jsiFdGok,1
w2BJwD-XzeA,1
5wyG5Sibi8k,1
-_kk8Qjyzrg,1
362Ln1ReOS4,1
HF0kwoYeEsw,1
-BpU9L2sKbQ,1
sa4tz8U6RsA,1
IW-6vj4bUPw,1
ddGjiXcUy3A,1
X5id1ASVuDs,26
UAcNU2wfOqU,1
4XYKid7b2Kw,1
0ZPpTt4Fym0,1
N47m3TwFRzk,1
jBcXooCihIw,26
hmT5ukYRBlc,1
f08_8qlW_fQ,1
RLZxXhLdffk,26
NkWx7yvyeGI,26
gxfU9GatoCI,1
4_gdlaQBrjk,1
2PWe9Go-GWw,1
bu-Fm2RPVIg,1
SYbB0UD0dQo,1
ywpkBa31pXg,1
LqNsWm6GbX4,1
1N2mDnsuz20,1
aqLCfiQSWVY,1
zJrnIsU-Kwk,1
UPv-hoG1Yi8,1
1X0JyiRBWuE,1
9mnpa5YroBc,1
jXtYvfGAerI,1
7OzFggkXpvE,1
C99YfhMgD3o,1
IhRaahMN3Fk,1
5lGv6Jus0LA,1
YWAWG6oD1Zo,1
ixxRmvQnP68,1
g-gRrNWRgDI,17
dSSQhUH_Q4k,17
Bb6R0B1v-yk,17
Mlg0wSwJjRw,17
yeGRMlgb030,17
CA1Q18KHEyg,17
WCi5bKGL7wg,17
4hlF3a3axdw,17
t14T9LtUJUQ,17
3pqyO6DKPoA,17
wRyvKN7ZYjM,17
4M_hHQn4iSc,17
wS-gsB81BO0,17
1qPUOtXoH98,17
sDx2oJoD3KA,17
XqYOQs2LFjE,17
zTRkl-tP2Mo,17
HPRkyh5jN28,17
ADmUJ-VT3sA,17
lMq8h42sqW4,17
dtaOMDw4hZg,17
JPGASfiKJm0,17
ykr6mgWWXpE,17
i5H89977nmg,17
G6ID3AWtXq0,17
jiv3A5mj6ds,17
Jl91o8dEUAk,17
CHtQ5COAucs,17
4A5CNekKWZs,17
wUVAQfLVqwI,17
_WWtVanQ9eY,17
CCa8JxhWfOs,17
jktlFllvHP0,17
gOdLw_V0i4A,17
027MdIR3qig,17
W-1y2JJxB3Q,17
WjCW7asz3jk,17
sy6l3G21Q94,1
7lMjH2kOxww,1
AIUcGFPXHIY,1
BwO_UQh2ia8,1
WGa1eQrPy8I,1
TPAL-ZdHMOg,1
Ni74D-ACy7k,1
wWMXs1Eod1Q,1
fLDBGc53p0g,1
CSiF6oBTwrw,1
WMBj_O2EGQ8,1
ynqKTdSrHeE,1
Xh49O8QfOgs,1
VkwCS1_y-tA,1
ahZe40pK5j8,1
ELtDAutSIvM,1
EGBASVd6Nfs,1
CS-6ZIXWjLA,1
21CkKzqeKm4,1
qGSPPQmNFjM,1
-9lKe7OG0Io,1
J1lefHHEbM8,1
ACO753PCcxs,1
Hl9lYdbCrdE,1
YLmIyEqKGeI,1
QsynOlZtV5Q,1
fCiT2wbYsFk,1
0gAgkhfEoY0,1
mH2uX4QYzuM,1
M7Y9s8eCS_E,1
F236CF9fKF0,1
-q0jApzLwLA,1
mYJAwRuva8A,1
DVKJhxTSuFA,1
8TVQe6_DwsA,1
OtH0x7H_364,1
xiaM3E6L7yI,1
cpIfI86_8qM,1
1VEoJ9kkTMQ,1
J6DrZh1u2Xg,1
5nzPOIJlzGo,1
md3nnOhKiWo,1
D24_12tjVC4,1
R6bku4Rs0h8,1
1dtC_CDw9CQ,1
oUYk0kqAE9M,1
m-isamEDmO0,1
7LewpbTo4Qs,1
03jJUQSiN0k,24
198h99IDUqA,24
SnneEtDD16Y,24
oVhQnQL13Ag,24
47J00c4TWwk,24
yb_5GR4OpOw,24
JSNBRFSZrmc,24
ZssH4s5Apu8,24
LEBWVO7z_uY,24
rFHQE4OR2ZA,24
dbFCKBkCEkI,24
_dEVr_6CCtM,24
SVkgydrX2Gc,24
HBze7M4OeNM,24
JdzbuE4fVJU,24
deSddG6OJ_c,24
HScZHKJMu5E,24
IHf1Q66wAmM,24
-YLql2J9tbo,24
2e88MiObBl4,24
h_xJAcMWUKQ,24
ucpsa2_kj8g,24
QMwJQUGuKXc,24
HIx-8l2H-R8,24
sSChaHi4HiM,24
1DmH8CPWApo,24
udGhDTtVJq8,24
a7o1_QjdSps,24
FAFW92ytxlg,24
pBj8vIpUkns,24
d29tIuXyWig,24
ujba0aRSdTU,24
4sOpsOa-6dI,24
9zQWR-aC7Ns,24
9Yy01NHaDtU,24
ZybBtDnNjjU,24
J74-rRlMgFc,24
vS6JbYbq7x8,24
pci3w5_wXik,24
63RXk4HZdMY,24
zRBWpZfxCSM,24
aEUphYcAtjs,24
KpQx8Cq--hA,24
qGOzYdp7JFk,24
BJPEzIobO0Y,24
680d_Wd242o,24
QAs81lBxJa8,24
QI5zyXB17ZY,10
zG6NcHtMBHc,10
wnhSCiC0RgQ,10
VG90vMD-0s8,10
MMmeIuOM46E,10
zXKRM43fNgo,10
9gN7XtSkpWg,10
ZiSztVBD0X4,10
ot0wkQgHphg,22
GnJb88Yb__c,22
6Wc2XwjHgG8,22
DJNgDe77g9o,22
QzB_p28SQUo,22
k926SYLAZ-s,22
AZrodvRg0qI,22
Ggc3YHLSVRY,22
9C2awF6Ku-Y,22
4kLtZf_xMxk,22
fefB9e5oQqU,22
xPPEyP7GHOY,22
8c8HA6pB-ak,22
RiywqWJTG90,22
vqYBD3ck21c,22
OdUbnWJlLss,22
9-hd7nYwcpM,22
uHcU_KdaSrQ,22
4YuvtlRYFfE,22
nWVKbjyUe6c,22
naL3esBsEao,22
JcPzqQPbgPY,22
vplrYpLyPVM,22
W5q-RT9ZTqU,22
iTbbiBJZiOI,22
tg9herPrxlE,22
NRTGH_CXJgU,22
yqGzz8dVFvc,22
B4f9IbfT0C4,22
vV5q0gYlS0o,22
FJlNj_RsApE,22
coFeWS8t7lE,22
HDyK07fUPN8,22
bvbsdmFH39Y,22
OgaNPWrCi6c,22
w33IZ-MAAHQ,22
ufYZC-5KCzg,22
tHWDglzHA7Y,22
M-Jz2njxSxg,22
hMuytymc8M8,22
n34mPR12Y4k,22
yX-xX_lYn0U,22
Q4Dre_wwsog,22
cTEJ7J9fZEE,22
QR5Xcb40YG4,22
Wxycb5ZwvkI,22
Yc-gChMY384,22
4_rPxqIN-h4,22
NjTqw8z-ziA,22
B-l-hQEU91o,22
aHI4GofXdgc,22
d0p9xBxkM_U,22
9q_8I58zaDg,22
aQMSC5J2Wvs,22
92lSG29Gl6M,22
ksjkqy0qzKk,22
LSdiuRqVSIk,22
EwqbtBNJeZw,22
109udY5IQRI,22
2WWdUYmHNk0,22
b3EY6ulrG8E,22
pOtLsnrc-Yo,22
iRVutp54joU,22
TuWAK6mT15w,22
iRKs7Sb8FGY,22
d2VYHOmYwS8,22
fSdh6huIP4s,22
7rvXUlwqZ2U,22
FwjyBkP-qAY,22
BJUsLn64iGI,22
DYOA4x8LNVs,22
B9lceVj-aG4,22
yCNroSV6Oww,22
BFcUus42wH0,22
V5MidCcIR5E,22
SqoVZqb3uDk,22
5bK_yfwN42E,22
wVPW5RPr_pI,22
XHjeWjwirQ4,22
V-q74221c3g,22
_X4ufImSzV4,22
qm2r7euAayw,22
NceT7OZnA8E,22
lMoWJkaZTmw,22
zeo3ZDmjz2A,22
8x2nd7BLMnk,22
vHO-V7L3tik,22
vRcWKHaDx-w,22
pS62utmIP54,24
kp7ryNJ8MfE,24
OhRMBupmskY,24
5ZKRXoSMygw,24
2fw4vQ6CwW0,24
-XMZwRpYci0,24
UDPbHhI2haU,24
NamunIUB1QI,24
Ds441SDQ2PY,24
-xNv9T9rZk0,24
gzqIollEU_A,24
NUbjdcK7Ns4,24
8PEqDPlidlY,24
_Zcd6P9qN68,24
leKQLMACe1s,24
YSIwShPaXyw,1
Ej2suk5v-1w,24
4B1wLnQSrHA,24
TR6PQS6iwZI,24
bNdiohvkDSo,24
iJzeFGcvVn8,24
N87hJCc_MCU,24
fp31oLxclrY,24
TUZKxyprBIU,24
ErHycDzKLUA,24
RnS-ZM-yZ8Q,24
1uek574BpQY,24
wSh5NvJ4ATQ,24
ABCtWcYbJCI,24
GkomJS7Zvvw,24
R9q9xNPLfDI,24
VNE6vwQYfD4,24
UCrip9dR_84,24
Ii2p5410ggs,24
zWAH-9TjZ80,1
PJItEULEMQo,24
YZKEQWei6Oc,24
xfLWhIlUa2U,24
r_nKd36HC-s,24
iU0n2SHy23k,24
II5FjGvPc6c,24
cng5qhsqy-0,24
UiqbNVShQ3M,24
-mEWqLXUvco,24
SeOgZGKgzXA,24
l9mUUCuRq2A,24
M7479n8n-vc,24
3XHK0aSHvzg,24
WPQ2lSH9TjU,1
gaXM3muryJg,27
grAHvxkpS4c,27
n6F-ou8SA9Q,27
3dBaYUftg5I,27
hlqnZmC-7ko,24
tT2_qgRMiY8,27
XOcyLi2cvFU,27
pJ4Q9xkzi1c,27
7pEHEH-6wb4,27
xbto6xppD3w,27
goj-5WYbEJM,27
2Il68SXBdL0,24
L9r6F5RO1kE,27
4f_xjZsr3AQ,27
EwujLVvFlV4,27
wG0ODoadHwI,27
lDB3bhwTtxA,24
XlmMLi1SeZM,27
Z4UUyvkmxuw,27
eh0MwWiL2c8,27
V3_ZdicYyLg,27
yO57aJr0sDo,24
-ADknvm7qb8,24
m8to7e-jgL0,24
3SlEiAxf9ow,24
Gxeg2KVNMIw,24
v0Aq0SUWX68,24
RKqWg2HnTsg,24
J4VwPtOGvSs,24
r608sW5vgHU,24
esFRWFJoeko,27
HB7LlqOBfFE,27
2MzJecEjiws,27
sf3zhZSbABI,27
opqVm6rVMdw,27
tERkbMqjCFk,24
9CwepLg-v9M,27
3bAJx27Q9J8,27
-Lq8FKUumcw,27
XaLVnYcTw6g,24
AD4K-pyHl0g,27
wT4cYLTVCSw,27
KyfpR1g2Lw0,24
aBPPKU7L3VQ,27
MBdTGXIl66g,27
VVBgHURERJ0,24
AE1OgMOZ1LE,27
jnhhg_a6PJM,24
TFyqWtuWszA,27
sel7HbcmpDA,10
HIvDcLHBVlo,10
VjD6PpHjcms,10
CFx6xf_gb6g,10
83fWdVMuYBk,10
DKFDB4bMdeM,10
Xhr3eacHEWw,10
0pGrcMNym8M,10
Wmr13_4QlBU,10
rUth159-aG0,10
hweW3E463I0,10
2bhTz5TD4N4,10
grOJKdmy7fo,10
aXm8Rdrysd8,10
a_NMBbnB4_8,10
og6g04YqaDs,10
NF_BZLgA9n0,10
u8gSYlKyoIA,10
4GBSGbycrCQ,10
0b0-u2LXcjI,10
BRMXzQxffDg,10
Zot_r00dWog,10
-MrbK1kS9tA,10
6N14LaCmIUY,10
80WmPML0624,10
8DZIoYkk23E,10
AFQHGtpYvpc,10
J9K3OdBenhk,10
Mfsr8BLxQO8,10
NRIBY_8lHiw,10
R3K_5BmnML4,10
SYVo46XtPE4,10
ako7TsjJsdQ,10
muMPT1_ebes,10
p1JcZAwk_ts,10
tvBxPh87NtI,10
8xKG4S0rPww,10
vqEbCU66yOo,10
xwRFOUJntZU,10
iCqa7b9-lvU,10
kex0twgUEDQ,10
eOqHxXPNI9U,10
UXMM5vLUr9M,10
nDniMU2EwtY,10
wHeXTKlUjxg,10
tRl3a_awc9c,10
AMmgGlzeCU4,10
4W27n6OtVto,10
IBe4N-KWXag,10
KchM7zvQhHU,10
OXDIJjOAo3I,10
OsrhNcQ6uJo,10
2BSA3IQyixw,10
3jeuX9bysOk,10
Cey__7QAw8Q,10
G7j9NlqY4Ns,10
NLisTfCGTcI,10
Dy7VVSKrD6w,10
qIaxcOY80IE,10
qvxZGEddbSk,10
C5xy4P7OOxk,10
N3W5-SC4804,10
Kev9BUYE2-o,10
N3Xvu-vVzQA,10
QVqGIGXzIUo,10
MNqFf0t__UI,10
Ry6kg88_tyo,10
Vaop0A2pSWw,10
lxJWxIETeU4,10
m0UZWHqvsBA,10
mgUGOspmipk,10
suhEKhipusU,10
XkH43DcHvY0,10
4fNwVpjcG4E,10
ErdsymRWQ1o,10
JQMWmzLNXqU,10
KNqyH3X44Ow,10
Q643g3FFO5M,10
RK6ktuxaTgU,10
rE6FX8Gg2pM,10
BQ50i5r22Rk,10
hKEqzsrwfQk,10
26tKD8iJe6I,10
rvVojzyqh_E,10
EvgCXYQQAoY,10
MBWkYhdSDD4,10
bCklkN7aHBE,10
y9BjCW_Ih_o,10
nU553MKgxCI,10
z3hfIM4ClHE,10
uKD4rDYMaP0,10
94UBbgMMhps,10
ErlFYZAcKos,10
7FL0vO2SkhQ,10
RV1yeEu8dZE,10
La00zg6dZ1s,10
EEEn6wAfAgs,10
shbUxd4LUYE,10
dGhrcVWFXE4,10
v63Ip911aMc,10
u-IuUE-Khus,10
PB2chIh2LsE,10
M_ZpGsU0liw,10
WcAg2KSCW6k,10
CnrFIW-xnwk,10
8GAw2QQ3cMA,10
dF15xOO4UjE,10
-UjGSnpgkPk,10
M6h_FH9E40M,10
xeozehfemCE,10
2GdNnU4f8Nc,10
zy1ZPfslM8g,10
w05sfgVx3Yk,10
kWsKf3Qc6l0,10
ARkPUIWR_oY,10
PWFOjlO8D14,10
3w4iPiUxfC8,10
OAtGyqfOnC8,10
Zj4VK_Jf7kU,10
mcgnGKwfASs,10
NIyd8MhkU5Y,10
TRxemHNNMa0,10
AixKGAAbQ7o,10
3gN3b92z1xQ,10
PEUDJzgGjz4,10
DuP6zE2n1DA,10
StlY_rmF0iA,10
hkVth1rohHI,10
hI6RsTblLDI,10
F6ZvsiHFV40,10
ALMoAS3eoNc,10
E6-Tm3FqfiY,10
B0S7urRjgjQ,1
KPv-k3hdvP4,1
Wya7haDZgo4,1
_mJgUMkYUWw,1
ASFfwtExB6o,1
aJeYcZic414,1
X_UEYFKCU-M,1
SW2NfLrzaeo,1
EndVNOIXy-w,1
7Boz5Jnf4zc,1
Xn-xmJFs8sM,10
FYkEM9KAIdo,10
WhWajgL22V0,10
dBw-jAKT9-s,10
oBL10Dskm1U,10
oGQwgsKYUSs,10
4A1puelvUVw,10
9aVuGRYVTi8,10
E44OIGc7fJo,10
FAHxr7ixt3g,10
MTYoohZP9fA,10
NehT0_vaXS4,10
SKcXe9vM40o,10
kGVAQ0b9J-o,10
uNhFwInpvyY,10
Seasfr9-wjw,10
O4PwcU1GiG0,10
J0heqUSNW6U,10
VwSJjga9EBM,10
2JnUKAi9vAw,10
6Q-zXv8KaY0,10
_FyxZEIPqZY,10
K-iyiCeq0aQ,10
UfrAbB7VxMI,10
idxAXlgOAk0,10
zedVmInWztI,10
5G25Ozzdnfc,10
lMCRGv1DqDc,10
DyAxYGP0-pY,10
EZMfQNPpkwc,10
I2nUMDaL3rk,10
IGw-nhwZqIo,10
b-qoeYFeA38,10
GO-1vtLZOf0,10
Jpumwj0RBx0,10
Os1myvIQZtQ,10
s9lvWb-oqdU,10
EjXILP__U6w,10
sUJih5TfCdE,10
oLsiuTm75eU,10
JSEfTrvqlH4,10
jbPyVq5Sv-g,10
iPFVkn9VReg,10
seAJ2BWhwN4,10
62x40woL0eM,10
GxgrSCFIL-U,10
Sj_oMJ8DRwo,10
b0vojHcf57w,10
t6Jd8eHkRDY,10
rsFH0SeQYfM,10
geD2ovAnW3I,10
t0Bikz7bQic,10
UykqUrKu-Uw,10
04GM4PcjByM,10
NB1vI3o4J5g,10
8aJ4NFf2rYg,10
Rkqvd7n9gNQ,10
f6HxmccIpdQ,10
o2MaIEd58Eo,10
gSCPebaOw8E,10
rVXCSz9yeT4,10
oHKd6kx-BP0,10
6Z57Ry5QvHg,10
mDwZhJIUzSU,10
ZyjtXBt_oaw,10
ZX1HJyCvvCY,10
IwA0VngZwCA,10
-UT1iLa01w0,10
hDzI8pge5RU,10
VtUq0WUN4Ec,10
NguN-7y2cwU,10
6DWftGl2JYE,10
9AAXIWmnZcY,10
hbefxLbePd8,10
DXDCK_PtzQ0,10
96GVNT-_DI4,10
YYcVIMIbmyY,10
kiIzM0iA8jA,10
BnGCgHVofjA,10
EQqyzLRXRrI,10
GcTT4WMKX9M,10
4GzartNfevE,10
Th_APJ56D1Y,10
b2afMXhRwW8,10
MDUdih1sFEo,10
ms8DA1Ygfcw,10
HNC_3BQOx-0,10
VZlSHuAOJaU,10
hwbnswZBRF4,10
sWVyhlNPRJY,10
Nv26YITVQfw,10
I27ZF-kOFQc,10
42U1KpbUwdY,10
oQ1c5JmNM-w,10
GNDO7wMCnoE,10
W0Q6bkCAMoA,10
iQhYUIgCFuw,10
oYy0cQ1zUfw,10
L-C005DChNE,10
xc-K4mm2ySs,10
-GGymFjMCrc,10
bHImVf2ythM,10
Ym3wXc5h5Rk,10
gBuNclLT960,10
mne0NyaZbG0,10
FW8ijNLwz7U,10
-6K0fSyVy-0,10
RPlDTrHUV6E,10
UyI013gZj6c,10
SNIvLrlBMYw,10
4uR6ukJRCWM,10
gAbjjWBMZME,10
d3u95ZRhRPc,10
MpG6Xq8BR0A,10
0EpbfzYzRwM,10
DDPo1wnKm6E,10
86cU7ri7bQ4,10
PUKJO5JeXYg,10
I1Eg4okNsbg,10
LZw0lGcjjLA,10
vNVt7y0Nqlg,10
xoYRWk0ImJM,10
WQbmXWRnxJ4,10
YxEvvkEahQc,10
Z5EFt3HZST8,10
g__unL_CKWI,10
TfojWGMFwgg,10
tPVpcqSqdI8,10
AnBSEMP_4t8,10
lAAwOjUki2A,10
qTUNVcGxotI,10
LHv5iPVyo1o,10
56-V4u5W8lQ,10
jNei2a8pIdQ,10
vdEvwd3jEsQ,10
joBmWCEP1_g,10
j0Ue3VLhx9w,10
RP7hnbKftBw,10
d_4yGD1nIxc,10
bddxlk2UChc,10
WsYQN__WqEk,10
YPWjmOpY4Gs,10
V6vbSFfWrus,10
Lqg1KjhJipY,10
Hf2-9P7R4k4,10
Gfn47xDe5Nw,10
D-cndlC3bS0,10
7FRyN58B80k,10
z43ev8qVznE,10
uQvt1rcUADc,10
wHRQHAIfF2k,10
trbPQ60E4Q8,10
si1OwVnxDAc,10
s6uLFTU9CDc,10
rcmugwbsU4o,10
q14jgUwUOSw,10
nzDNJ33aSgk,10
mnA7BChsgHg,10
nY8dsl3qr5Y,10
k2TQyK0fdFA,10
iaEJkiYUhEI,10
h9-5ECkGJok,10
gZmeatupo0M,10
egxqeXqAONE,10
dmfInnoNNAU,10
bUS35Z--O3A,10
cebG3Ix9Jkg,10
aCynLeaetwE,10
aoKjNjmPg70,10
aVP31tSfUEc,10
aVL2bAxGQ6o,10
_NShDpuMjvA,10
Z2_OCWvEV0o,10
W0RT4VyTnbw,10
WijkCiDn0wI,10
RzQBJU-EsUs,10
R9Y-Z9WdLTw,10
VTcJtNKloqs,10
RS27yqJQS-A,10
MFuF8HOXdeQ,10
MtrpGW_SXzc,10
MbD0eof4o20,10
LLXCDvQLJlQ,10
cW5nii3r4lw,10
5wkq6vwRW6Q,10
Ik-llbhAAk4,10
O-eDrMbORME,10
gbQWFsMvjIs,10
4VpQhVyJviY,10
Ibk8AaN1cIA,10
V6pctghCbSw,10
1mjk8JdMajs,10
n4wU9seMb80,10
gfu02pMqJt0,10
1VRivX2VCEI,10
5cNFuUBFtlo,10
9P4ZXjeCEJw,10
GzS3kQcEhY8,10
Y9WzHId0gRI,10
aKa10vJg2As,10
rR-aLGr1zvs,10
L4J8WAXUAa8,10
WMaRsnlmnsc,10
WiU3bAibZuU,10
aaK6QsHO8ow,10
fXJmnzMvvVM,10
g_7q85NG5G0,10
hlvBJ8mnx4Q,10
oIsKKXIHHL8,10
ozvFo3HlCRY,10
EFR9U1Wkiro,10
JQq6cRuOuIQ,10
tkZLQ12bwVs,10
256YBw3F_xY,10
x3Il0HE6D14,10
USA-h4ck2ok,10
_PIBitS-5qQ,10
G7Nfx_WyxKA,10
by0EXCq03wo,10
PgZCNcw1hhw,10
fJv73EgNCMs,10
GvnJywB3ahE,10
pCtc7inqQUQ,10
47kQ-x_PbfQ,10
sUlShT9ipUQ,10
LO0Pv9yTtYo,10
Q7EIKJWG7Fk,10
f5dl22qTIg4,10
3kFnIP1Fq5o,10
Bv9--qMtItA,10
BrQw8YjNgY8,10
Wu8CZTBxibQ,10
uJyIYbhqKt4,10
0He0uI2YR5Y,10
u_bOhGiyB00,10
5RA2kT3K72s,10
6OSV9r0cRRo,10
Kgq2Yb6e1Jg,10
MQZe7jRBva0,10
QM8H-vXD5_Y,10
TV0Pr4Uy7M0,10
haY4_OWCtdw,10
Jyas9skI-Uk,10
HHRJuoh_Dbs,10
h4n5h83RXtI,10
sWkaUVHPyCE,10
LODT4wJifqY,10
-TtHpE02yrA,10
FtW41WkitZE,10
I8hWIVcE-lQ,10
L7nyFaWn7h0,10
qmKtgPArzwQ,10
V7HJW5SgtbA,10
gR2n-WMyPGY,10
zlgBCcHNfHI,10
b6NtN3Bz5-k,10
u-D0Hrz9-mw,10
3dXzAPwgCh4,10
j2RKEcnes1w,10
AVJt8v_6TBg,10
kDy9G26vG0Y,10
VRSvdUw0Yr4,10
fVRqeaGPaYw,10
0XbiBmlbyoA,10
auQ_z0qQSjY,10
WudUNC27UyY,10
uV_eCsqqtoA,10
ikoYH5qcZEY,10
DQOHs1YJ0ZQ,10
JVIQiEhSi_k,10
In23DHGCakA,10
dx5_VzVCdKg,10
ZDxu31r9ZTA,10
a5EV4f_7uYs,10
DwFLkHjdb64,10
DgmHE-fbmD8,10
i7MPAAxdfT8,10
TcYYMe_vy20,10
nNMRNQld9xE,10
Ec2vm0FyUJ8,10
8wtzdb3tm7Q,10
135qslTALVw,10
Sr3BWsHDyHw,10
g0T2M5WeHK4,10
wrMQExdYM1o,10
54D4MM7XZ6M,10
8R_PzZq4Yo4,10
K6v4CdQCY50,10
STltOod9KqM,10
ZRcOYweQdbg,10
qb4zDWtZih0,10
45-kL0pipuI,10
EuyWKSzw2Y8,10
Pu2Oq15B1X0,10
T67yQod7Wsg,10
Xe87Eu3ShRI,10
cG__9H5hx5I,10
oX2_GzkGcZQ,10
tz-Jw8ewRxg,10
womGu7k80eE,10
yIp0caVvrQs,10
AqrmZ4kWUFQ,10
djmQ0z6Hq0o,10
sbVTdUlnCNs,10
5c3HEUV6E7M,10
F3iVGN0p5DA,10
Kn7e2SgWfUY,10
jqrfxlAaQk8,10
s2qi711cckg,10
tqOecGP04l4,10
xQxGtrjV4X8,10
Sd3X98_JPE0,10
DSzUNLFzznY,10
Jd7rEqK8uTA,10
DHUI4t1p_zg,10
61jx9jiSzPo,10
nz6vskO2VmI,10
VyjdFyhbiV0,10
UngCSFV2DUk,10
uR-w5Sn-fVk,10
ljPJnwynBBw,10
mOTmsxS9wDU,10
nycxj0v2xhU,10
DlhcMQ6n2ng,10
jQWAk6BSXVw,10
ZLdaMPmSlMQ,10
l_TYBa3BLNM,10
NRtqVtUt2uk,10
36sgXLbqwJQ,10
ZfAYXpdgeCg,10
_bwlnja4B0w,10
1ryJCSN0xRk,10
DK2gdPU6ADk,10
ThAZQhuXmZQ,10
76K0DzSI5zs,10
6u_FK-Kxe10,10
bo_W8q-1tI8,10
yq9FN-BUrP8,10
efeIWRq9Te0,10
or51zqYtHSA,10
NFJRaYdbZf4,10
HnCRnDOiLeo,10
HbunQ7v73UM,10
tX59hqVIH48,10
l8xZnBHkNtM,10
Uljg_VKripU,10
GMYNpy_ija8,10
8eG1lS-J4DY,10
CsVxldOp6YQ,10
pp4Bs18hMIQ,10
y5WXTZgu8vA,10
tZpkxVE2GJw,10
hWSe89WFBqs,10
ZagSNlgeoIg,10
Ynd8dvHrwT4,10
MOpBLs0t27A,10
8bYoR_vRNgg,10
4MsoSsLRAI4,10
1_X8kvMqxkQ,10
-81Ngt5ikWU,10
62-_QhYf-fE,10
rLMp97OqeMU,10
FKIMqfZ1krM,10
W3lNvYZ4aaE,10
G0I1E-qHxNs,10
7r9IgYcHprU,10
2IlN45eMpFI,10
5dFFLCl5AB4,10
hzk5WLfzQIo,10
sxHAVUjN_iI,10
bkng1POZQGM,10
SVkFYVLaLjw,10
lEzg9kw6fZ4,10
w-MAdDOyNfk,10
MgxVVTJg598,10
NEeCiwK_l4k,10
dgRCRnHlXck,10
-yJCjbeTUKo,10
l8ODRpDpL_4,10
SyPGTTTZRmk,10
_20E7gE8z0c,10
5gM3Lc-eP-I,10
Ah0tXMxN5Ns,10
DqH0_2ZVg5Q,10
JjTPTuSgP7Y,10
OkW-BRA5MyQ,10
tZrvBFcNcDI,10
ZJ5cNVspf18,10
MIsrSu5ZMTU,10
auzIgwwca50,10
z5gczf9pN9k,10
DyGaILze8nc,10
G_ZwspWvAYE,10
QVFoqHP_zLE,10
ezRG2cljeSI,10
hcy7vGsuU3c,10
L1WHRFh9ptE,10
Y-BGR5xqHHg,10
d3G2skni0PM,10
1EwY6qCrosU,10
2a4eDdp8B7Q,10
rcImHvd16Rs,10
05lFollBBQw,10
eF2sajse-0g,10
nt1EiQsRUoo,10
yWQVcUj9slg,10
fkHUKov5gbU,10
W1k1E0YKl04,10
BIg6ngsnZ4E,10
fNkHPwVYaQk,10
u7piI2uOP-0,10
4Kz9oOPr_hA,10
DKMIlJ9AgZY,10
EBQEI-RcsEk,10
0PZjASSc14M,10
s-yKgCAtyq0,10
gHFuKWo18cc,10
_Fbgju9gjcc,10
TzKdC4TkTjA,10
Xsw0c_LbRqU,10
N9QNN5wXSEM,10
NujTFDdmoSk,10
9ULdLqmH8p4,10
3phewvQShn4,10
4D82tg19nIc,10
RsxpxFKCKcA,10
ubVImcLTNpI,10
7MWXRCpRyVA,10
-Yh9Mbba39Y,10
sBolSmkleuI,10
AdKbJuQd_6w,10
xU-3fphtnvA,10
dWKTIfGzHRc,10
OgTab2bCNPE,10
1jIRL_r82QM,10
Tpmz4_RBUUI,10
W1Ds2asjpII,10
OSzxdCgblu0,10
_qQnbvSbOW8,10
KEmoRNS_CtU,10
6R27wvGfbHQ,10
rUBmuJxGDXo,10
u-DlrblI14Q,10
SNSbcZ1G2bA,10
P-hJ02ehHrk,10
yVzEiamswQM,10
pWvMjZer9_I,10
AjuLCkDRupI,10
kJfpIYj9HVA,10
Vn5GLtGdonE,10
bxmP1vVBtJg,10
phzLJtzMMS4,10
Gj9MmZ0BNm8,10
KBIap4vrCuk,10
XZRniZ8H37s,10
EpkexkvdmMY,10
V27-5A1KQVg,10
laBEtx5zpfo,10
OQnDDTlmlJA,10
I5V17HtSdeo,10
DOYCbCHpgr0,10
W3eVLxXzpkw,10
0w4DW5yWhC8,10
pplPX1KUPkQ,10
VhZ2binOsQQ,10
4Fsc6ddVlAU,10
JSiyW5CMGDo,10
9DyfLptwL8Y,10
nxFrei31Gq0,10
FWzRqMFgQZU,10
xyZy9gsm9xU,10
O9WIFMtcryM,10
TSa9Y3u2664,10
zTR6wCwgV2I,10
XNmjzT7A5Nc,10
YkKdIjDuA4k,10
nl260S1E1ek,10
UaX646mPuRc,10
z8y6ivfoJXU,10
IWCxEVnH1xY,10
nnP-8JzJt_I,10
8HmQDhxCZmk,10
susrPqNkxSI,10
KookC1B3lUY,10
CZ2SrSk5-Og,10
C_LRFxTnHzo,10
AhfJWVjl64M,10
e-fhbazzA1s,10
6Y6T7GUvx1c,10
STxo2FKPPjM,10
qGFFEGRHubY,10
7uv_YF7YKe4,10
zVJFhZidgsM,10
5TleIINgLG8,10
cyuQdW3ARyg,10
NpJhR8kEdCI,10
34wN-ktTn3w,10
ycqVc1l9u_w,10
br4SXhhn_wA,10
7FglD2TeG5g,10
Tvc4ehVkO68,10
_499JuMjAqs,10
XZ8m5hRlelI,10
QUzT18GCze8,10
lQLNXvl4Kg8,10
A3SZIDGZQuA,10
mTHzAoEryiQ,10
OPn--wnFDYM,10
jVXqbi1-5CI,10
sOqbo-b8-l0,10
pRK6QlsSwJ8,10
FyjUthKb2Us,10
Qb2fs-4jKtQ,10
5v5qh9Cgj48,10
CNL37_e04j4,10
vEwJsnbUahM,10
TU_0jdcKl3k,10
g_00XrBXZM8,10
V7Gp6Mmeobk,10
eoYFdVXT9HA,10
FSCkOidzOdw,10
i598HUImWhc,10
pP2BnRMgNTU,10
KFiV5yBB188,10
I8oUQ8mlE3o,10
2LOJW2R88Y0,10
94sVKQY5fow,10
RiXkoSZF74c,10
ijlGPUo-x2U,10
lyugviKwzww,10
phfvi3En5yc,10
qdbp87y8930,10
xX1MbotoyhI,10
5waZlHKznlo,10
e6ZqbOe7w08,10
cUf-s15TKrA,10
VL0_EqoYA5o,10
FnnjxpPS2KQ,10
0Bu3yl69J8c,10
kaI44G-ZL9g,10
6b_GUVnOMYU,10
RKUeUV0JtdM,10
OoFAuQ9IoSM,10
hKRe1zsHFSg,10
iEIC9r4U3T0,10
f2rfNeNk_Yw,10
Es0LqDnJX3Q,10
5OpGivqnpnI,10
7IXHq7UFR2c,10
JXrQqlGSzD8,10
eBvwhTBmwZE,10
KntxtQXo2uo,10
xe7mM8oxY2E,10
MQSV3oBiPCk,10
L2EvL3lx4i4,10
XnB77cViEYo,10
E7FHH1wog5c,10
iUHhHi7rhE4,10
33nl5ntc6RQ,10
SkrZlJf33HE,10
qXFXKCOhZ0E,10
Xjcwjc9anLE,10
Uelv6zbNqF4,10
PL638IZ2RBQ,10
HaoJOPhVlno,10
D8y_s3dmnsg,10
7KOxal9xa1o,10
2zWLKmIbiFk,10
gC7U8ZEJJms,10
_9lwKiadgSg,10
vjWMO9zd0oM,10
807mxTuO6vs,10
Mcm4f-iaQ_Q,10
OHcL6EbgStM,10
RJoSO-5-uMk,10
yPQe58vS70I,10
R4HdVDo_NtE,10
2wjYzx-bsi4,10
urkZmVqMck4,10
A1xF0bkY3Vg,10
BC5RMItrnao,10
DuBriN0JBZk,10
A1b1pcKBpdc,10
zVccyEQfmww,10
aeeFdnOKlRo,10
2Nt_Jx26b3I,10
mOI3gZyibSc,10
1hPpkcO6xCk,10
-tgMf_BWmQQ,10
qrgt8pUHaOQ,10
hkEprOzdRTE,10
wCRUzGRoQj0,10
iV0jtnQzJxw,10
q9UrCuaq7po,10
YjuotUKEBQA,10
iNH_6wdgouQ,10
sC-aQ1TK79E,10
k3r7jzgxrm0,10
IDeWLrcJbG8,10
AMs5XagYdhE,10
GmYwUbyIi8c,10
6fkUFSdd9Jk,10
lMyZBnv3-F0,10
l-hOVWz1jlE,10
9rWZe29ZCts,10
ibtNG34xZBQ,10
33RnrFtxtoA,10
AwY2dnoZbo4,10
qsL26gnyu4w,10
3g_zDPXXHDM,10
dQ8QNBf94jQ,10
eYxQ2CZQvSM,10
o8ZDXShj6PQ,10
SZRUAxSoQls,10
7pSi8Vgh9ZU,10
hUFNGuR_x1Q,10
J7UDfN26EF8,10
hI4HCtRDOKI,10
BSlkmNwuAr4,10
fMlYSm9Sewc,10
j8Vb8BQi9Ro,10
mBnl3cY7Mws,10
6PO31NldwWc,10
Ez7X7G-vEZA,10
WN4om7Q9qV4,10
tr9KMXofYmA,10
eQcrJPF98G0,10
lYSSSJpFPuU,10
EjZw5L6VMPY,10
zZfTeZ14j1U,10
XmjPuwSS3VQ,10
d6Fc09moAsE,10
hlpQ1WS6MGA,10
n-lD42WUL14,10
B3Buf58RkMc,10
QQNW9qS1EZQ,10
RBTLALib3_k,10
W58xyeBOKuY,10
nrpttb7lYrA,10
rYgGm1j8oXs,10
rfiipxbQqBk,10
vAYbUu99MiY,10
V5qNMwGKSK0,10
iFvjvx4vodc,10
rmv-yRi6uW0,10
xA87_8hCm3s,10
5heItv3wAb8,10
eIyRTbUT4m8,10
y0YaK_o2Sqo,10
fbxkGj94dqY,10
nfwtC7FWICA,10
TwR6yg__x9s,10
cC2hQBVz3us,10
1uyr1sJu1a0,10
5BCwNaUiXP0,10
9rYRrHtI-IU,10
NU9UrEZ_aXs,10
VnpKJX6074A,10
wYwWoWv456c,10
wv_UaC_Bc60,10
zgMnpNF6cuk,10
2uQpTfmxBgk,10
_VUmfB-N8CY,10
fcey--a_h1U,10
zvAPJcFSNSY,10
0RsBKcEJs0I,10
AUzBI8GdN3w,10
aH9cg57Eo7A,10
4iL2Mi3r0TU,10
fWJC9KLCt1I,10
pWjGB5fKOWU,10
7uppJXrzGxg,10
JWd2M4uMK80,10
TdHF2ro-xjo,10
UEK8MwYSorU,10
dSEqpLeR3qI,10
yzq6BaEBroo,10
amTdCuh7KpE,10
zgS3pOK-7KY,10
G7D7ICeD2Hw,10
84UFdB1dxAI,10
OIJ5OHFlkA4,10
HPQ8ZWdSTR8,10
Gat75IyGhRY,10
NnyhXlQFoDo,10
vkjnFaCX2Kk,10
4PCvHt4ErU0,10
9Vb4nPpgne0,10
Gc-UZBuRbuw,10
TTPUUdKe2l0,10
l79iqCzT910,10
tOr5szO8bo4,10
iJeuByO8DmU,10
hsJvV_evcPc,10
fniMvMzDyg8,10
XMsyh7BNQlI,10
YX30RFEMMHo,10
TVRLko6jURU,10
BcQdzw5N1iU,10
6EQO-1m2R0Y,10
BiWz_2o5T5Q,10
66MNSifOTAk,10
lLCazu_qevc,10
y0kTF6kfAP4,10
zqHyyq_Df7Q,10
nqT9gQhVUIE,10
yyvX_jYyeVI,10
xwEusC49Q3E,10
n25ADQQWzPE,10
xkdaX5eyZAw,10
VxrGLK3N_3U,10
lIRG0JVStnE,10
rM9XLid7LgE,10
2NTxeEeAslg,10
35okEGMncHA,10
CbtcR3IuT1c,10
7cKQ3z5DUyM,10
BHcmslmMgw4,10
z-kVnNOVqyg,10
YZdMZU94raI,10
qtHpzCbnlbk,10
bzzFq8Crye8,10
s8_NSamP8h0,10
-_A6EPulbRQ,10
fNh-q2J4G3s,10
8AthjYCGG_U,10
5QMB_RVfbDY,10
Q-N_Uq4lQQw,10
Mm_cDskiw64,10
D88yaXB9k-Y,10
9APPK831Gro,10
tdSIN11jm7A,10
62dzqmJvO98,10
6ZxJGRfVPyU,10
8SJSuxHKj5Q,10
EBToJGX71Sg,10
HUUFfa5LjE8,10
_8-BqKGbmBU,10
jaVXJ0fB0W0,10
shQSTju6Px8,10
wr57tIk_-l0,10
yiSWiT9SgDY,10
GHUBUd2GYiA,10
IcpXI5mScmM,10
H5rR4dxR2Q8,10
DCrTXQ29qsw,10
cmEuelFVrA8,10
Rtix3S6lmVo,10
uAgF7tzwcDs,10
V-qz1xMwCmQ,10
dRrVg4QWBPQ,10
FBEPZ8KSe9k,10
HAzcdqVtKHI,10
X1WYWTd-YPM,10
X20Y0JB-8HY,10
4IA9UqfaB5k,10
qPz27LZGIWc,10
-QPk9ihrzWc,10
ugowvGoiT-A,10
2geptKx69qc,10
81uDS0rTMzo,10
nbKiJAk-ccI,10
KnPznA-8WeA,10
xfZ5fToatuA,10
QEzvt0IOGuo,10
2w6ew2v_KJI,10
5HaqCqg5yLo,10
hpOoiBu18XU,10
bJS67TuqRlY,10
cbJHz0k4Ro8,10
drVpTYF25RM,10
fIzFsDBy0KY,10
vMJc7gB9azg,10
REdBIQ71mbc,10
SrhgQ6w7O1o,10
ZAmTvvfNXNM,10
r-PE_CbRkB8,10
ClaS1i3wgAI,10
qvBtMYKn5y4,10
v9AwB9qqquM,10
vNmtud440P8,10
xoX8I28GPxQ,10
WL9u4i_bxhI,10
4CD8BE6qebA,10
beEcH2CGHmU,10
G99qWxvvEAw,10
0we89V7zD9g,10
J28cCVNKciY,10
RIT0rLtfpVQ,10
fRe-ghs5-I8,10
tW2VvtE4WIg,10
MAawxVzxJTo,10
KmdP3tJdZYc,10
9DULTZLUcOU,10
cMZkbhq9SvU,10
CwdQXDcnYgY,10
ACN8dY0Ay5E,10
rhAaZpzuh2g,10
fUA8pLB-htI,10
hwHdb-N4u7I,10
E8ivQw0od5c,10
a81coteWQEY,10
03Y-38ccuQo,10
l4MTAtaDyeE,10
tlQLlV3jQuo,10
kNQ4FIYI6W8,10
9sWwWiYVCnk,10
PDeFHNpRix0,10
q0KOgehdpLo,10
WxVeqaZ0o9A,10
sgZCjbqcB9k,10
t7DClswiaxY,10
q_0ZGh14vlE,10
saJK8psrxgI,10
90QPt6Kw7Ok,10
w8Pkl6ISmUQ,10
RrwUH-WWOIw,10
nQPlHJrT04A,10
p_LbZuMuums,10
gtKlzOvnw0E,10
q260FNzYJmQ,10
KtLVOPM6GK0,10
r88IdbmPYEE,10
QmoWVZpdJok,10
3naZhiTBiDc,10
RbNNu_ZRwG8,10
2nKXHYql9nU,10
KOdEDylCFSQ,10
Yj7SplcJyMo,10
-3k4GIP9K5w,10
N7DAQx21034,10
RN54pUtcRJI,10
qniwuG_lgtA,10
sD8FRlUV8WI,10
mJtZ9xevZko,10
k-yrCoX-43M,10
cclMbjTP-14,10
vgwBSIqRCZQ,10
nbrHIs0zp10,10
QH2oG-mGrqM,10
SywfruYn574,10
hS5-yssP5dI,10
xvC2lKJIVZA,10
9j5OyL02SOs,10
Bm20m0HOlZI,10
GIvFansNsFQ,10
JarTdUQlOGM,10
ZfSFEwwU51U,10
aHbHajTKmqc,10
yT1sq_cKptw,10
Og0F2ZmRrgM,10
pGBvMwnpLuo,10
C48fO8nmx7Q,10
18aAxvccQn4,10
VMbiMTtoIps,10
H2sPhixbJOs,10
itlH_xkzf2E,10
yCHr1NJFbgs,10
76yevbKhl3k,10
ymaWRjwoM5M,10
Zk7Ulf4uFv4,10
AKWbzpfpnWE,10
ERbiD87iQ-0,10
ZaMom6RncBE,10
Bw1yZuG8kQc,10
_fANmsKdSe0,10
IeDqO3S1IE8,10
So5SpqachcE,10
FigPm2iM6ms,10
sPtCUEw0XrE,10
Xu8cwuRW4c4,10
Nzot_sl1DOQ,10
A6aw4izxHQk,10
PYICILVbLOg,10
k5LxhrbvWLE,10
DbsAJSdq6wM,10
ZIKeYk_00Oc,10
2fCrmg7yRkI,10
UdizXMZbFbg,10
-0hCsU1sDfk,10
HAsHWSJKYiY,10
Olm_IOzlUmA,10
84hTq7rCPV0,10
N--gWo68NZk,10
OgjqRnkhXzY,10
g6dJp_47j3c,10
ni8qMQlZGgg,10
HzhrnkafYAg,10
yx_t-NbW0b4,10
EXVOru4MeD0,10
GZ9HngM5amM,10
nmrZKmgnZ-I,10
IeNB7vPtXss,10
HLBEnm60eZ8,10
RQfvenE0F2Q,10
Q6IZVosXC4M,10
s6o3Mf4Iaa4,10
lGu1AV3PnV8,10
4HoulGm87Ww,10
HkRZorM7Uys,10
yFwNgXNkm0E,10
mOjE4VsKeGg,10
RBF0NTm3Z-A,10
tR-_U6Pdu_E,10
0ly_POWOIeI,10
XdIjT8aifuU,10
QB8gTnfZWf8,10
2BWwJRGklHk,10
ssNgyy_jwtc,10
Vr9dhLRrI5M,10
FtrcoS9S3nk,10
NyABi47Xkno,10
HlDiOY2Yaw8,10
EPzsZ3akYDA,10
YiwqjSDsPEA,10
DSCh6uuA79g,10
GoB2GZzOq0Y,10
PVicjvmj12k,10
dejnbezO_ZY,10
lj_HoRz2p5I,10
sr1skxH5SMA,10
SOq8Zl0KU6k,10
pl5Hk6SY-jw,10
Nwk_62YXrtM,10
OrUIHDSlYGk,10
jlhBSpr4WH0,10
KhiEHM0C4jY,10
_rFXZMIWjEY,10
tVwue-qC_jY,10
Yn_EfP-e3Fg,10
k4DCdK1GbHk,10
uDrIWFNLZSU,10
1wCwuCu2OgE,10
Qj-EwHOQ3AA,10
NbFS4sez-K4,10
RaPno8KmYGw,10
CcrvjpiHbUg,10
u08sJvpDlw4,10
RHcSkCB5UHo,10
uub3pnl4Lp0,10
vohNubQ9Uhw,10
uYP5NAbMkRA,10
qpm8V750BSQ,10
mnkGU-sZNIs,10
nVlmNY_CPgk,10
jbw8zf6GIwo,10
gp60FYtMRm4,10
_vKkq0eXQrE,10
bB1auRAUQ6w,10
aFPjlEZHjt0,10
ZAnsWjkQ17Y,10
a-ISdnDcBqo,10
X27InAeVB3Y,10
V5sU5Fm-gAE,10
U23vAife56A,10
RY4wr0d4MCk,10
RiFg1fGWamQ,10
RJVgOTI9H_M,10
MmRoLelOBcM,10
NUFd8zBn6y8,10
Kln3hKjww0k,10
EBkzdTwQUjE,10
BZnq6TrN7rQ,10
B-ndmPtmPJY,10
AFk2gF53njM,10
6x5Pl-lQa04,10
4wU8HfzdRd8,10
WuSn0P_WZ3M,10
0QT87or9mXI,10
XWA339wqVLg,10
u47PdsUDGcg,10
6QtUvwMveOY,10
g1YzLMVcFf8,10
g9oMfym-Xac,10
u54IRUew2QY,10
8P9NjZ4UvmM,10
xoD0-MlbvDo,10
FTR6BljcDZg,10
6zYCmK4JL6w,10
ElVDqulii1E,10
GCri7HZ5oYo,10
NfE3p7DNSME,10
NqQSrT9SnTI,10
eQioudvns90,10
pck7VtVORsM,10
qGTrcdAN5Ko,10
TgYaCzRFau8,10
BXo0bs6vDMA,10
C0koK__lMdI,10
8fWkHFapz3Q,10
gvNEXAPk0ec,10
ND1R5v2g-aQ,10
ooNbeE5lz74,10
hA3Mx-fpc00,10
FX85tfPYsFg,10
IcmDq88r0J4,10
JneCC29mNZc,10
taAlqjW056o,10
CW0I0ZWGyAo,10
KQFBpha0MvQ,10
ZaQiSSg31aM,10
aVgxmrpTq8Y,10
4dfV4_JL9qE,10
GGpkG6yHMx8,10
7aMrWkCVvlk,10
EYnmy9ZKcps,10
J2SZ_7HadEM,10
J6e6Sw_ekHw,10
TlliUl4VFYc,10
Uf6LD09Zx2Q,10
d4VUVJv4_Nc,10
oHdb0LWoO_k,10
mT7f-Sfndhg,10
aoQPEUlxMVM,10
s7zI4nXzaW4,10
qEuGTJ23cmI,10
gSRe2MyOUAI,10
rAEFOvUXEws,10
hSkQ5g7-4VA,10
lozLibVBtME,10
a_2M03uv7BA,10
XoF7cPYmTl8,10
PmOqfZk5TDQ,10
QUzYmP3asfk,10
AEy8MUFPyi8,10
-71nFR2gMZY,10
-X2FViTmArk,10
DtNKm3aJfVw,10
7hZq4s0nj9M,10
FpgXszyHijA,10
bNbActoa-jM,10
2jRO91zebFI,10
sn0YAQem1Wc,10
XqS1OayXD84,10
rZmTl9R--ms,10
tLIQ_Mvn95Y,10
EMYZeA1_LvQ,10
LFwydQr0nbo,10
Oi20MEE-Y3E,10
mPvO-yiKhXE,10
4LwNNBoZMxI,10
DCoNEKnytSo,10
3j7ZWvMUezs,10
GBtqeTwx8cE,10
AE7INtHIPMM,10
klZVizuyJ-E,10
gg317csjagk,10
wqWLfoRkUcw,10
UOQgDEHvCXA,10
O8ADpFihivQ,10
VsTC6DNQY_8,10
ZroXyJvcPBE,10
RWhXPAvkD8M,10
Cd-onGjl6Uw,10
bbjZNNNeqWk,10
6b6jCVhrpLI,10
ZZWzB_0zqYY,10
SWySjhx6E94,10
_kQwkFqLsTc,10
i828iVBCAvw,10
PgWmn-jCN6I,10
UU15DNNodlE,10
UaF1ct0frlQ,10
FHa8POuL3d8,10
FpIgI1AW2io,10
J1IJiy3_BRY,10
2OQnZJ_RLU4,10
lJbC5RMBWdU,10
Lq09L3txGrY,10
NCAOK5GjwrQ,10
t7-YHJF13eA,10
qZGnEpjqAvU,10
WJxb2P3finA,10
IIL34RiB3-w,10
cFbwn4etGEw,10
XPFKfC9PB6M,10
XYNguOSSM1M,10
nWQpQYsnX84,10
Vuufhk601sw,10
ObCYExKr4YM,10
g2w2nGJuldA,10
FsJ4gDWY1gI,10
tmp_Q43Is7Q,10
0hjyHJGj_y0,10
KvzqkY-SvJE,10
GYhtLXwNNLc,10
paM010qPFdI,10
CVJpf4hLuHg,10
gtyiWsee5AI,10
whv1I7mVAkI,10
oOT2GLvVClc,10
FBgZWjfKpbE,10
H3FqZm2BhAg,10
PFo_hLoDWrw,10
e0BEZ9MFrEc,10
SNhkNqsYtjo,10
9jZ7d7lxenI,10
off47lkIDtU,10
lQYddU_Rg0Y,10
koB5uoDAdF4,10
ZeBYLvk2qms,10
epTG-t-Zo-Q,10
eX6h7Y8AwVY,10
KHuWpRsNDwQ,10
2Yd7J_AGxnU,10
AxkVTXZDrks,10
8ZO_aa0oPEs,10
QSYpWaFsIRY,15
nlRkwuAcUd4,15
8jXskEwYcfQ,15
VTzfaY2kx0U,15
UDtlvZGmHYk,15
1wkPMUZ9vX4,15
Myy8qO20o38,15
rd7j1hZ7hOI,15
ebeNeQFUMa0,15
JsfiUR0ZzLw,15
_9EzJtx4cyw,15
82rMtMELDrw,15
aLg7SVO9G3o,15
FK3dav4bA4s,15
o-blz2ghKOU,15
LuwQKJCO9UQ,15
9TLg-YlDog0,15
AtXDcw34lqI,15
9z8ujpPgUjI,15
w4yZt3X9G20,15
adTXgJ-E9t8,15
Wv6hEuODrLg,15
UdAwpXdc48s,15
oSyEZAm8nb8,15
qLQLKT8enys,15
jonXDB9Ii8g,15
D94B52IURv0,15
7wKu13wmHog,15
1zRGzlWqce4,15
Uyvx3upZ4qo,15
NqnauxtCX6I,15
J9pZJsvK3vE,15
6yLnKfhmUzg,15
U4Z_MlphmG8,15
ZiULxLLP32s,15
f1dnocPQXDQ,15
PhPxobsJORg,15
o57imEfknMQ,15
mb1bbIyF9OU,15
xu4T9kawhAM,15
oI3ADcDH0Uc,15
-_gL6xA7Ttw,15
YxIpl38rsMo,15
ynrp7W2trzs,15
JeuAqB2n7Gc,15
omK_8TIGzFw,15
DqC3ieJJlFM,15
6mXP9PhLLnA,15
YrXWpYksprI,15
lWOySU_hAz0,15
uA7cAqh5iD8,15
IpT1u2lFkXs,15
cTMndjv-T2w,15
jt4ZsS2XHmc,15
CAQuoH_fOWM,15
wir7jmefyec,15
mnZ9wF-Bv1w,15
eucU-58LIa8,15
i6-OZ5oHYT0,15
gkFNOSkpPEM,15
IwAamHNgHPY,15
d_FEaFgJyfA,15
XNTMfax5Q5w,15
nG3NSE7U3M8,15
C8Wx_q_Os-o,15
6sLs_sQJKa8,15
_qgA63Ixc_Y,15
h0fbvurfwAc,15
bgiPTUy2RqI,15
2Njmx-UuU3M,15
0e4qRdlfJcs,15
Q9HVhqXI8PY,15
pMjnntkSByg,15
mBfRzGcduis,15
WLhaPQvCExs,15
FvNvsLwW3RU,15
0fWtpVDSh9w,15
hrWd_-jDVB0,15
2f8Hpid8YWA,15
ZT8YswmQuAg,15
mdCa20EKTcY,15
9T1vfsHYiKY,15
XE49YW8NdJo,15
42CWY_koP48,15
wGEIfh2t_Jw,15
rigg7De5378,15
dz9xBK7G1oc,15
wEFwPy5XclA,15
M40XPK1i6Tg,15
dn8vFH091es,15
aVt7HOyl6OI,15
Ij6X6Vxojes,15
EIUJfXk3_3w,15
-QvLW6mTrMg,15
uxxm1izBNKI,15
kxFVI4xduwU,15
k17NmE6LLG8,15
Sl26XAVbEE4,15
zx5Lpk50Jj0,15
UWViH0YNwfY,15
8nPDBsmTNf0,15
86KxsTGy0X0,15
qUNYPkroz18,15
s2YXFeraM8I,15
QCNPrBzCaFY,15
iuIY6KGx1Kk,15
T6Bc1hpj8KI,15
p04x9Xk21nU,15
-8kkCHsMrNo,15
d8D-C1gGi_8,15
25CQENmL1i0,15
bTIhu2NJkXw,15
U-C0I-Ks14M,15
QI9TC4hcSLk,15
AOY-bmGxSwI,15
06utTusLfZY,15
QcLAgHsEKUE,15
yrQIlFhhjsM,15
_cUHb_fZyME,15
h4bZoEfI8gg,15
DquXO2FEl0Q,15
IuloeOAiIkQ,15
GGzk4nxWT0E,15
gS2l_4Z0SaM,15
sisprxhsc6I,15
hGpItpIlLkc,15
KKfmjkkcd8E,15
K83BKNxgg7w,15
oSSUA2r-cXk,15
6FJJgGg59E4,15
dIsjcG7hTmo,15
XdXgs-kxxFU,15
CW6DQJ_yqeI,15
IrGmGia8O_o,15
sf7LVPIZMR8,15
zWYtZhv_DSU,15
TdFL1qZ8-dg,15
5pmjhmRv0Fw,15
NJcvOctFans,15
qQk5yB7YTQk,15
V0NKBJsAXWc,15
p90HLjRL8bc,15
ic7rKDOS2is,15
hwPQ-nx9-as,15
zOodHRLOdRM,15
zOodHRLOdRM,15
LxYXCLI5VHI,15
Fll9fpOIqbk,15
MYB1udp5AHQ,15
RO5OjMJskNQ,15
W-oxDZsKQgQ,15
TcVH3TzbBhs,15
gMyAH9o5DN4,15
Hz_DslzN2IA,15
oz75GXh_WBI,15
m3XuS8FN3Vg,15
VUcxNzi0YcY,15
w9N4l8T7I74,15
enPCZA1WFKY,15
6oh4aCP8qds,15
w4x9rbDwnTc,15
dZ20KsgVeu0,15
vqP453qscMg,15
FlIPa6b_Nu4,15
CUtD5Isb0-Q,15
2nfo5SigKWQ,15
YpNmj7dZzT4,15
6auQ97ShMGY,15
ojwNKiuqp-E,15
uHyYtcMZYGs,15
Jaewxut84yo,15
8870uOdFje4,15
IqjNUelHDDA,15
_nuZs2hY0GI,15
q-J0CR6MYVg,15
FeJKJ5MoCHY,15
W4qqXm8Hbxc,15
Kknnn67R4jQ,15
l4wBdyGLgLA,15
fCn6GN_yME0,15
hQ3GE1cYnQ4,15
Vgjstbe1pNw,15
hjjpxRI_a3g,15
DhL2zCNTVxg,15
mV-crNN8Evw,15
xZ8vnm5aKsk,15
ZzXGSFVbVvU,15
xZ-3TWXsPpw,15
2iKjcfiBUmw,15
QqDHGnBEdMc,15
nVeO4s1FxNI,15
u7JF5tuBEIE,15
8zXZLIrVVgQ,15
krmymQstTHM,15
3pp-RUaUhvY,15
AN7Arg6vkqk,15
RR_thm89XsA,15
gaGGr_bqXHY,15
RfIPqiGyrIg,15
M2192FfUKIA,15
jH7e1fDcZnY,15
W92V2Fb8Thg,15
aakNhF_ooiA,15
yZ1C80vdLLo,15
nZODAXlTv4E,15
u69tJlzCTkY,15
oO7j-JKpjik,15
qaWYyyWaCDE,15
aDbIAy9sMHk,15
gMN4_gYjDH0,15
5r9cGlftxyM,15
3V8XdhcYL_E,15
3sogF-p6nTQ,15
pGTp0crLJtk,15
YnsUwiFf7Ak,15
9RJvcqVJazY,15
-evijx5cX2k,15
YR1OpWEFDnQ,15
FEh9GIROT1E,15
SS-50Xm_xwk,15
Fa13JKGG0ds,15
oP2oGREukAE,15
_BvB0182xag,15
J6zD3h_I3Lc,15
2ZtZisptCtw,15
ChX3bjzasYM,15
xZ0fO7PLY9M,15
g3k6EFl_Xhc,15
l5levYsJ6FQ,15
b1yEjRudAws,15
g-yiVkn3wAI,15
HRzQCRMN1Pc,15
PG-q9avfxrc,15
vC252XYutkg,15
JW8UKm91ofU,15
KG_C0h2O138,15
3JBlanDADnY,15
NQZX1tZJ2Yg,15
EumL7DAlHcw,15
e6dqn_uQtGw,15
40A68cYFMrM,15
rRpZxEpqcEk,15
EumL7DAlHcw,15
e6dqn_uQtGw,15
40A68cYFMrM,15
rRpZxEpqcEk,15
cQWiM5T3pUw,15
8jNs5G88TiI,15
6ZjKjL-um1c,15
ZGElK1N_Xdk,15
89ZClbB7vX4,15
jd5yMyG9QNE,15
1z0bhcTHOMQ,15
AA5BkF0LJKI,15
3irNxxu_LLE,15
iQ99aW4luzA,15
jbcwtDNQICg,15
vLVM1h07lnU,15
1oqgoj9eR34,15
mULvGLOKVCA,15
G7L4YzGAvMA,15
SAK117AmzSE,15
XHNiH9TrpGY,15
sAEJKcIKYdI,15
aAUXwBk73Co,15
P1Ge4PFhlP8,15
75YUVwYzaB4,15
mFwMCMrzUj4,15
zg5f-3AQikM,15
wYbx3ya_jy4,15
XocO-60O7k0,15
q8y-RLkpsnk,15
0qKPudtqVbM,15
dBg2-Ooe-bM,15
LGSwiBtaGDs,15
AkkgiwEkX64,15
ADoEADVaK3k,15
x4By5bGBC9U,15
1UfifsSmF0c,15
cOnluNewDK0,15
LAHnJG6oosY,15
tZ9jdRyE9_E,15
7k-f3u79yNA,15
6sq2DEN906g,15
L-avbJIlmgI,15
NPkGdOa4KKM,15
_duJq7m8IHE,15
0Sn7TweIsTI,15
AYJAJWCS8eM,15
O7mZZWO3v1k,15
S5DK7OB8p7A,15
iAzhf9wOxZw,15
z3iTOL5xExc,15
moCVFnWCKO0,15
Hh7MxIZFtXE,15
pxWQA6De8IA,15
KkVo7x3U-sM,15
uKod3Wbvj4s,15
phX6uvPrUTE,15
Bq1R0QuBNfI,15
uXLh6C6iccM,15
srAJr5qzlvo,15
I_Tvz4co-oU,15
w1Qq97MAS-Q,15
hx034LtweHg,15
mNg-vTwzrVM,15
BtVEIBf7udQ,15
9kzKYvytJqI,15
xyLU6UJmpiM,15
nQU9g8lakk8,15
1t2Oe-DS1m8,15
o2rI4jrK-yI,15
ym1IiS8lILo,15
fq41cVzfngI,15
vftVEbbgHZE,15
X2V7zwznGqY,15
4V6vugjEzaA,15
Lvp45jjDT5I,15
A1y0GD10cVo,15
L8mxdKMGHKs,15
dc3zv4_r0QY,15
NJnz0bfrwSc,15
B-iR2HVEarU,15
A_9j8nvV6Zc,15
LdqrjRkdFYM,15
Gn_6Ud9eg48,15
7mjs5VsTB1A,15
YYeJiaEzg3U,15
GxmE4OKwkrM,15
TSGWIrImCSI,15
CEXKOKHZ4y8,15
J32eAAv7P6w,15
leDm_-nfr2w,15
NZAD8WRs2hM,15
jrO8TeJ50DI,15
CSgDjZ_Vv8g,15
KResXNUAWso,15
pA5Ba5VEE-w,15
xKL8ENNRl6I,15
n9yJa1mDIlQ,15
VqzlnpvsoB4,15
5IFbONbvQpU,17
GKMmAcaB50A,17
HQeMhYJe5JA,17
N97Zj31OEfs,17
ZHiDOx2cPIY,17
Wg-VmFStnfg,17
67cbxFpeKuI,17
e0U1s6dybCs,17
laPaeEQ_Aeg,17
FrMvw-1wafc,17
-6WB9457j10,17
6m8TyzOR_K0,17
Fe9jQgghUYE,17
vsfg7IXO9As,17
N0yiFkhXiJE,17
-TVHtOgIQAE,17
389-jGZ0gAs,17
1InSnXjf-e4,17
UJhvsaRnSdI,17
pFzGdN5qnOg,17
7CBcctJebU0,17
U-opb2FX7gw,17
tsDLtkwU30w,17
TisL3inCuFg,17
Z_FiW4BzN1Q,17
IYhFXilpgF4,17
0sxDcqDzvow,17
bLTVk7qPo_Q,17
PihJCBSWvRc,17
oSvmtWO9Xi0,17
HjKjOn4SdIU,17
UozlM7w3kZs,17
T0pl1ZMOjAs,17
wyIV8tRp0ww,17
gCcfGNLyIQ0,17
QHiHbU3yZdc,17
bCC-2AdkDJA,17
mBN79lkzJIs,17
CvB5iJtd6go,17
4U9VrfII1mQ,17
uK9nVPkDgkA,17
yk3mQNE8Hvw,17
hgXKJvTVW9g,17
xVpdoaaVtAg,17
qWiycWucoIY,17
DAmmeAMWAh0,17
XfiPE5HbJEo,17
Jiaw517xD9s,17
qWiycWucoIY,17
DAmmeAMWAh0,17
XfiPE5HbJEo,17
TDZs6z-gvGY,17
4RwAKJctWw0,17
5esWDzNKsVY,17
ecKnyyuMsmw,17
BKInZGOqcZ4,17
O6S2hKvRTIs,17
hxjKZcOT17E,17
ks6xg452f-o,17
fJqCarluf0I,17
UUqDcWZs2e8,17
SGo_tIxWFPw,17
eoMkWIA2jVY,17
LFGxMkU-Dds,17
njMTAPxHTH4,17
ZhYMxLioZU4,17
AMoGJ0leqso,17
rnMZ3WSwWZY,17
qOLyPPDD1Ao,17
GCB-nOum_M0,17
R3voBU5jrEI,17
biAZpxMYQU0,17
L8MUpAxUsv0,17
ZfDkcp1XUYo,17
IOC5Dxf80c4,17
8959BmTJW3A,17
sEVHlQqW8ro,17
sDTw3fnvFxI,17
_YVcqqVvfv0,17
p85EmN8Iu1s,17
HMhMGeejrRU,17
ZXMvvP_hghQ,17
yeicxavgkis,17
Wg4YfEXK8R8,17
Y5q6MNwskjc,17
PPjtp47sDRQ,17
41WFI-ivcCQ,17
HU57WsasJYw,17
12_nSJr67w4,17
tBktCt8zWmo,17
xkSPjNC_F8s,17
oWVAmk31w3k,17
35pvwDN7Aws,17
LKbMyrmWPVQ,17
ATypGbs98F4,17
yyjOhsNEqtE,17
h0N67Mh7htE,17
LKbMyrmWPVQ,17
ATypGbs98F4,17
yyjOhsNEqtE,17
h0N67Mh7htE,17
HM7OymIsyXQ,17
LwezVkfIsCQ,17
r9Sf7ZzAOtM,17
cuCNqstEAMA,17
GL3RBJRAM2A,17
fT3m0kmz9hs,17
clsiu7DaIcg,17
wSxrVTnX5Pg,17
76FYzkaOQJU,17
HpYfFaQ0gz8,17
lAGObLMpoZ8,17
W_3OoU4irFI,17
vfaa_nonqb8,17
AuSH9jY2Wmk,17
mm8QdYvoI5Y,17
oJIk2PyukjY,17
YuRmX_cd5Vg,17
6OS9VKDcg_w,17
QwK4x2S0A6s,17
AxIYHA3rhkw,17
6s43WDIAntw,17
nsomu52p_AI,17
41hCQZAgVa0,17
msa0pbe62mc,17
WOQHPM0M2D0,17
0JXcxCmAyYw,17
HO2qytMX5jA,17
vyYYIkI0sfE,17
EJWLiD874ew,17
gDFDpYy1Okk,17
_BsePt_ETMs,17
uFMvycOMR5A,17
hBTR40vfqxs,17
Ew2rV1ZkYBo,17
SRn1eOOheyo,17
BQmORw0M4Pc,17
aT1qucI9_HM,17
MvOIy8I-3mA,17
XtOkNwz9obI,17
ZpXW23UmMfQ,17
JOfwUn2cS8Y,17
rfJ1EO86o8E,17
QX5oXqjK7Fw,17
dLHp0fg_gTA,17
4Bb1IRrFer0,17
JOfwUn2cS8Y,17
rfJ1EO86o8E,17
Kbtl7pwXAuc,17
dLHp0fg_gTA,17
4Bb1IRrFer0,17
B5-ZlDN4X18,17
s1FCOX_nkC8,17
8VtkpMGw0hw,17
7c6SnYEOzsk,17
1fjeQKI-5wg,17
o6_uL6dgC0E,17
nrCX4WnhXMo,17
tc12JXujXOE,17
tsVFaUoQM1E,17
P7u2WhGGM5E,17
dtx46q-MeJ8,17
d2BSdRNweqc,17
SAUfQ455caA,17
6Mq0M-yOqQI,17
V3vjcByleVo,17
v54Jtmi2BwU,17
GLsd9SXqDIk,17
FpUzJI4m3Qc,17
GoK2RsK_Pww,17
5gIofm9C1Vg,17
1dxh7Rlij50,17
WziBjKtD3RM,17
J262A9tvc24,17
n_46ea4LxsE,17
UzM6Jgjq7-w,17
awDfhKxPRQQ,17
ehXOS9mMrcU,17
c7gv3A6EKQE,17
JYODcLajL24,17
qboF_sSuTLk,17
mqJoGO1oci4,17
dqBDxIsb3JE,17
2akhrIllQsw,17
xua8mUT0IFQ,17
InqSDgjlF30,17
SLKqTlT4H8I,17
ooA4WE2wZ5I,17
8cE4f2sEW4E,17
_jIx6ElZAbU,17
OXPQCDy4fzA,17
XpMYvavZff8,17
KlrBW8jzMik,17
3PIsGALIYkU,17
15Ri7CsssHk,17
QbozXieQA60,17
r6XmMAiHaW8,17
g4cC01csiEo,17
evcb-wqPCX0,17
SsThKiVi7-M,17
Vayu0zhVfWQ,17
xz1PU7AFGBE,17
9tDoXo4ysHk,17
IEHtxmB-e6c,17
p6rrzHx2pp4,17
6bhR8A6Ngjw,17
8N4yDm5M7Ys,17
LUDAoG2_wsk,17
6ZD94J324x4,17
jjRgmjtN5QI,17
ZsypLxJfcEk,17
n-rKz1BneIU,17
ygGxe9JBkmU,17
FnpZ4IM1q5o,17
l5iFVyewPCc,17
rudVkyn17-4,17
PXJ7mC-m9rY,17
Ga9buMnONS0,17
saVWEjCaZxM,17
_V_dn0mr2Zc,17
A8nr9hNbuCo,17
s8fyOaOc3b4,17
36Ne6hnbGPA,17
htG_yw4Oa0c,17
9OQiW6BP8h8,17
r9tE-hCfJGY,17
cD8EZi3I84Q,17
Ef3WdvdW6Pk,17
ChUJ518-fYM,17
it6LmlOuhvI,17
2DGxNgdYZ-A,17
yr-qc3ZkVyg,17
OCtq6TbZlHM,17
kPuh58KZFTE,17
ZKVvtIpgf8I,17
SXs3GMXXN_M,17
bcwvsIwvT0Y,17
5y7oNoHSqQQ,17
JhSZw8fiTLc,17
rcMDBX-AUBo,17
kmNqjklf9gg,17
vUjihJpWQPE,17
ePt3b2OZzJk,17
n7e_Ek2g7FM,17
Ot__l7lA9Dc,17
IWiw1NE5Gtc,17
p623pewgTc0,17
ihlJwsk_T0k,17
tEaITTDjt-4,17
DEOx_DzyfV4,17
aA1OdYe_lzc,17
AL7KM--oNkM,17
aO0qz-Cg4eE,17
ctmEaiKokOs,17
dT0RvuTsYgM,17
9Sy3gMkDFlQ,17
4Tp--YS5_bY,17
1kUZXQnTwnQ,17
S48qU3Vcp28,17
gxbvom9HIYU,17
7rXkh1i_HZc,17
DI7P1VUXJ90,17
YzQEI0q8iz8,17
74HtIQNzpa8,17
g_AVfYza-sM,17
oHnhx9lQnAI,17
kPuh58KZFTE,17
S9cj6ADarX8,17
T66alOuWO1M,17
oyXxnUWOt5g,17
M-6M06lGBM4,17
5oS9BeExIKI,17
e2tuwVuYdCU,17
TD17H6Hob3k,17
dVRACKQP2Sw,17
-YcelOL23i4,17
FTA5Y1BmCYI,17
nlobWQozWrs,17
mtg5Z3eZPE8,17
jRcEjuD4Kd0,17
GduVj00ajHE,17
qlqpTY2raOk,17
k3OTKmMzY0Q,17
B76wZZQFBGY,17
tAOoVVYR-xo,17
iVhO_paV8EM,17
hbNl67dQs2M,17
4mBfC06ArpQ,17
WJsN5ZFtDSY,17
6LVoW7Bkw1c,17
pUb9milKWhI,17
xDQfaFUxyi8,17
T5P3od981ss,17
